ticker,cik,error,as_of
A,0001090872,403 Client Error: Forbidden for url: https://data.sec.gov/api/xbrl/companyfacts/CIK0001090872.json,2026-10-02
AAPL,0000320193,403 Client Error: Forbidden for url: https://data.sec.gov/api/xbrl/companyfacts/CIK0000320193.json,2026-10-02
ABBV,0001551152,403 Client Error: Forbidden for url: https://data.sec.gov/api/xbrl/companyfacts/CIK0001551152.json,2026-10-02
ABNB,0001559720,403 Client Error: Forbidden for url: https://data.sec.gov/api/xbrl/companyfacts/CIK0001559720.json,2026-10-02
ABT,0000001800,403 Client Error: Forbidden for url: https://data.sec.gov/api/xbrl/companyfacts/CIK0000001800.json,2026-10-02
ACGL,0000947484,403 Client Error: Forbidden for url: https://data.sec.gov/api/xbrl/companyfacts/CIK0000947484.json,2026-10-02
ACN,0001467373,403 Client Error: Forbidden for url: https://data.sec.gov/api/xbrl/companyfacts/CIK0001467373.json,2026-10-02
ADBE,0000796343,403 Client Error: Forbidden for url: https://data.sec.gov/api/xbrl/companyfacts/CIK0000796343.json,2026-10-02
ADI,0000006281,403 Client Error: Forbidden for url: https://data.sec.gov/api/xbrl/companyfacts/CIK0000006281.json,2026-10-02
ADM,0000007084,403 Client Error: Forbidden for url: https://data.sec.gov/api/xbrl/companyfacts/CIK0000007084.json,2026-10-02
ADP,0000008670,403 Client Error: Forbidden for url: https://data.sec.gov/api/xbrl/companyfacts/CIK0000008670.json,2026-10-02
ADSK,0000769397,403 Client Error: Forbidden for url: https://data.sec.gov/api/xbrl/companyfacts/CIK0000769397.json,2026-10-02
AEE,0001002910,403 Client Error: Forbidden for url: https://data.sec.gov/api/xbrl/companyfacts/CIK0001002910.json,2026-10-02
AEP,0000004904,403 Client Error: Forbidden for url: https://data.sec.gov/api/xbrl/companyfacts/CIK0000004904.json,2026-10-02
AES,0000874761,403 Client Error: Forbidden for url: https://data.sec.gov/api/xbrl/companyfacts/CIK0000874761.json,2026-10-02
AFL,0000004977,403 Client Error: Forbidden for url: https://data.sec.gov/api/xbrl/companyfacts/CIK0000004977.json,2026-10-02
AIG,0000005272,403 Client Error: Forbidden for url: https://data.sec.gov/api/xbrl/companyfacts/CIK0000005272.json,2026-10-02
AIZ,0001267238,403 Client Error: Forbidden for url: https://data.sec.gov/api/xbrl/companyfacts/CIK0001267238.json,2026-10-02
AJG,0000354190,403 Client Error: Forbidden for url: https://data.sec.gov/api/xbrl/companyfacts/CIK0000354190.json,2026-10-02
AKAM,0001086222,403 Client Error: Forbidden for url: https://data.sec.gov/api/xbrl/companyfacts/CIK0001086222.json,2026-10-02
ALB,0000915913,403 Client Error: Forbidden for url: https://data.sec.gov/api/xbrl/companyfacts/CIK0000915913.json,2026-10-02
ALGN,0001097149,403 Client Error: Forbidden for url: https://data.sec.gov/api/xbrl/companyfacts/CIK0001097149.json,2026-10-02
ALL,0000899051,403 Client Error: Forbidden for url: https://data.sec.gov/api/xbrl/companyfacts/CIK0000899051.json,2026-10-02
ALLE,0001579241,403 Client Error: Forbidden for url: https://data.sec.gov/api/xbrl/companyfacts/CIK0001579241.json,2026-10-02
AMAT,0000006951,403 Client Error: Forbidden for url: https://data.sec.gov/api/xbrl/companyfacts/CIK0000006951.json,2026-10-02
AMCR,0001748790,403 Client Error: Forbidden for url: https://data.sec.gov/api/xbrl/companyfacts/CIK0001748790.json,2026-10-02
AMD,0000002488,403 Client Error: Forbidden for url: https://data.sec.gov/api/xbrl/companyfacts/CIK0000002488.json,2026-10-02
AME,0001037868,403 Client Error: Forbidden for url: https://data.sec.gov/api/xbrl/companyfacts/CIK0001037868.json,2026-10-02
AMGN,0000318154,403 Client Error: Forbidden for url: https://data.sec.gov/api/xbrl/companyfacts/CIK0000318154.json,2026-10-02
AMP,0000820027,403 Client Error: Forbidden for url: https://data.sec.gov/api/xbrl/companyfacts/CIK0000820027.json,2026-10-02
AMT,0001053507,403 Client Error: Forbidden for url: https://data.sec.gov/api/xbrl/companyfacts/CIK0001053507.json,2026-10-02
AMZN,0001018724,403 Client Error: Forbidden for url: https://data.sec.gov/api/xbrl/companyfacts/CIK0001018724.json,2026-10-02
ANET,0001596532,403 Client Error: Forbidden for url: https://data.sec.gov/api/xbrl/companyfacts/CIK0001596532.json,2026-10-02
AON,0000315293,403 Client Error: Forbidden for url: https://data.sec.gov/api/xbrl/companyfacts/CIK0000315293.json,2026-10-02
AOS,0000091142,403 Client Error: Forbidden for url: https://data.sec.gov/api/xbrl/companyfacts/CIK0000091142.json,2026-10-02
APA,0001841666,403 Client Error: Forbidden for url: https://data.sec.gov/api/xbrl/companyfacts/CIK0001841666.json,2026-10-02
APD,0000002969,403 Client Error: Forbidden for url: https://data.sec.gov/api/xbrl/companyfacts/CIK0000002969.json,2026-10-02
APH,0000820313,403 Client Error: Forbidden for url: https://data.sec.gov/api/xbrl/companyfacts/CIK0000820313.json,2026-10-02
APO,0001858681,403 Client Error: Forbidden for url: https://data.sec.gov/api/xbrl/companyfacts/CIK0001858681.json,2026-10-02
APP,0001751008,403 Client Error: Forbidden for url: https://data.sec.gov/api/xbrl/companyfacts/CIK0001751008.json,2026-10-02
APTV,0001521332,403 Client Error: Forbidden for url: https://data.sec.gov/api/xbrl/companyfacts/CIK0001521332.json,2026-10-02
ARE,0001035443,403 Client Error: Forbidden for url: https://data.sec.gov/api/xbrl/companyfacts/CIK0001035443.json,2026-10-02
ARES,0001176948,403 Client Error: Forbidden for url: https://data.sec.gov/api/xbrl/companyfacts/CIK0001176948.json,2026-10-02
ATO,0000731802,403 Client Error: Forbidden for url: https://data.sec.gov/api/xbrl/companyfacts/CIK0000731802.json,2026-10-02
AVGO,0001730168,403 Client Error: Forbidden for url: https://data.sec.gov/api/xbrl/companyfacts/CIK0001730168.json,2026-10-02
AVY,0000008818,403 Client Error: Forbidden for url: https://data.sec.gov/api/xbrl/companyfacts/CIK0000008818.json,2026-10-02
AWK,0001410636,403 Client Error: Forbidden for url: https://data.sec.gov/api/xbrl/companyfacts/CIK0001410636.json,2026-10-02
AXON,0001069183,403 Client Error: Forbidden for url: https://data.sec.gov/api/xbrl/companyfacts/CIK0001069183.json,2026-10-02
AXP,0000004962,403 Client Error: Forbidden for url: https://data.sec.gov/api/xbrl/companyfacts/CIK0000004962.json,2026-10-02
AZO,0000866787,403 Client Error: Forbidden for url: https://data.sec.gov/api/xbrl/companyfacts/CIK0000866787.json,2026-10-02
BA,0000012927,403 Client Error: Forbidden for url: https://data.sec.gov/api/xbrl/companyfacts/CIK0000012927.json,2026-10-02
BAC,0000070858,403 Client Error: Forbidden for url: https://data.sec.gov/api/xbrl/companyfacts/CIK0000070858.json,2026-10-02
BALL,0000009389,403 Client Error: Forbidden for url: https://data.sec.gov/api/xbrl/companyfacts/CIK0000009389.json,2026-10-02
BAX,0000010456,403 Client Error: Forbidden for url: https://data.sec.gov/api/xbrl/companyfacts/CIK0000010456.json,2026-10-02
BBY,0000764478,403 Client Error: Forbidden for url: https://data.sec.gov/api/xbrl/companyfacts/CIK0000764478.json,2026-10-02
BDX,0000010795,403 Client Error: Forbidden for url: https://data.sec.gov/api/xbrl/companyfacts/CIK0000010795.json,2026-10-02
BE,0001664703,403 Client Error: Forbidden for url: https://data.sec.gov/api/xbrl/companyfacts/CIK0001664703.json,2026-10-02
BEN,0000038777,403 Client Error: Forbidden for url: https://data.sec.gov/api/xbrl/companyfacts/CIK0000038777.json,2026-10-02
BF.B,0000014693,403 Client Error: Forbidden for url: https://data.sec.gov/api/xbrl/companyfacts/CIK0000014693.json,2026-10-02
BG,0001996862,403 Client Error: Forbidden for url: https://data.sec.gov/api/xbrl/companyfacts/CIK0001996862.json,2026-10-02
BIIB,0000875045,403 Client Error: Forbidden for url: https://data.sec.gov/api/xbrl/companyfacts/CIK0000875045.json,2026-10-02
BK,,CIK not found,
BKNG,0001075531,403 Client Error: Forbidden for url: https://data.sec.gov/api/xbrl/companyfacts/CIK0001075531.json,2026-10-02
BKR,0001701605,403 Client Error: Forbidden for url: https://data.sec.gov/api/xbrl/companyfacts/CIK0001701605.json,2026-10-02
BLK,0002012383,403 Client Error: Forbidden for url: https://data.sec.gov/api/xbrl/companyfacts/CIK0002012383.json,2026-10-02
BMY,0000014272,403 Client Error: Forbidden for url: https://data.sec.gov/api/xbrl/companyfacts/CIK0000014272.json,2026-10-02
BR,0001383312,403 Client Error: Forbidden for url: https://data.sec.gov/api/xbrl/companyfacts/CIK0001383312.json,2026-10-02
BRK.B,0001067983,403 Client Error: Forbidden for url: https://data.sec.gov/api/xbrl/companyfacts/CIK0001067983.json,2026-10-02
BRO,0000079282,403 Client Error: Forbidden for url: https://data.sec.gov/api/xbrl/companyfacts/CIK0000079282.json,2026-10-02
BSX,0000885725,403 Client Error: Forbidden for url: https://data.sec.gov/api/xbrl/companyfacts/CIK0000885725.json,2026-10-02
BX,0001393818,403 Client Error: Forbidden for url: https://data.sec.gov/api/xbrl/companyfacts/CIK0001393818.json,2026-10-02
BXP,0001037540,403 Client Error: Forbidden for url: https://data.sec.gov/api/xbrl/companyfacts/CIK0001037540.json,2026-10-02
C,0000831001,403 Client Error: Forbidden for url: https://data.sec.gov/api/xbrl/companyfacts/CIK0000831001.json,2026-10-02
CAH,0000721371,403 Client Error: Forbidden for url: https://data.sec.gov/api/xbrl/companyfacts/CIK0000721371.json,2026-10-02
CARR,0001783180,403 Client Error: Forbidden for url: https://data.sec.gov/api/xbrl/companyfacts/CIK0001783180.json,2026-10-02
CASY,0000726958,403 Client Error: Forbidden for url: https://data.sec.gov/api/xbrl/companyfacts/CIK0000726958.json,2026-10-02
CAT,0000018230,403 Client Error: Forbidden for url: https://data.sec.gov/api/xbrl/companyfacts/CIK0000018230.json,2026-10-02
CB,0000896159,403 Client Error: Forbidden for url: https://data.sec.gov/api/xbrl/companyfacts/CIK0000896159.json,2026-10-02
CBOE,0001374310,403 Client Error: Forbidden for url: https://data.sec.gov/api/xbrl/companyfacts/CIK0001374310.json,2026-10-02
CBRE,0001138118,403 Client Error: Forbidden for url: https://data.sec.gov/api/xbrl/companyfacts/CIK0001138118.json,2026-10-02
CCI,0001051470,403 Client Error: Forbidden for url: https://data.sec.gov/api/xbrl/companyfacts/CIK0001051470.json,2026-10-02
CCL,0000815097,403 Client Error: Forbidden for url: https://data.sec.gov/api/xbrl/companyfacts/CIK0000815097.json,2026-10-02
CDNS,0000813672,403 Client Error: Forbidden for url: https://data.sec.gov/api/xbrl/companyfacts/CIK0000813672.json,2026-10-02
CDW,0001402057,403 Client Error: Forbidden for url: https://data.sec.gov/api/xbrl/companyfacts/CIK0001402057.json,2026-10-02
CEG,0001868275,403 Client Error: Forbidden for url: https://data.sec.gov/api/xbrl/companyfacts/CIK0001868275.json,2026-10-02
CF,0001324404,403 Client Error: Forbidden for url: https://data.sec.gov/api/xbrl/companyfacts/CIK0001324404.json,2026-10-02
CFG,0000759944,403 Client Error: Forbidden for url: https://data.sec.gov/api/xbrl/companyfacts/CIK0000759944.json,2026-10-02
CHD,0000313927,403 Client Error: Forbidden for url: https://data.sec.gov/api/xbrl/companyfacts/CIK0000313927.json,2026-10-02
CHRW,0001043277,403 Client Error: Forbidden for url: https://data.sec.gov/api/xbrl/companyfacts/CIK0001043277.json,2026-10-02
CHTR,0001091667,403 Client Error: Forbidden for url: https://data.sec.gov/api/xbrl/companyfacts/CIK0001091667.json,2026-10-02
CI,0001739940,403 Client Error: Forbidden for url: https://data.sec.gov/api/xbrl/companyfacts/CIK0001739940.json,2026-10-02
CIEN,0000936395,403 Client Error: Forbidden for url: https://data.sec.gov/api/xbrl/companyfacts/CIK0000936395.json,2026-10-02
CINF,0000020286,403 Client Error: Forbidden for url: https://data.sec.gov/api/xbrl/companyfacts/CIK0000020286.json,2026-10-02
CL,0000021665,403 Client Error: Forbidden for url: https://data.sec.gov/api/xbrl/companyfacts/CIK0000021665.json,2026-10-02
CLX,0000021076,403 Client Error: Forbidden for url: https://data.sec.gov/api/xbrl/companyfacts/CIK0000021076.json,2026-10-02
CMCSA,0001166691,403 Client Error: Forbidden for url: https://data.sec.gov/api/xbrl/companyfacts/CIK0001166691.json,2026-10-02
CME,0001156375,403 Client Error: Forbidden for url: https://data.sec.gov/api/xbrl/companyfacts/CIK0001156375.json,2026-10-02
CMG,0001058090,403 Client Error: Forbidden for url: https://data.sec.gov/api/xbrl/companyfacts/CIK0001058090.json,2026-10-02
CMI,0000026172,403 Client Error: Forbidden for url: https://data.sec.gov/api/xbrl/companyfacts/CIK0000026172.json,2026-10-02
CMS,0000811156,403 Client Error: Forbidden for url: https://data.sec.gov/api/xbrl/companyfacts/CIK0000811156.json,2026-10-02
CNC,0001071739,403 Client Error: Forbidden for url: https://data.sec.gov/api/xbrl/companyfacts/CIK0001071739.json,2026-10-02
CNP,0001130310,403 Client Error: Forbidden for url: https://data.sec.gov/api/xbrl/companyfacts/CIK0001130310.json,2026-10-02
COF,0000927628,403 Client Error: Forbidden for url: https://data.sec.gov/api/xbrl/companyfacts/CIK0000927628.json,2026-10-02
COHR,0000820318,403 Client Error: Forbidden for url: https://data.sec.gov/api/xbrl/companyfacts/CIK0000820318.json,2026-10-02
COIN,0001679788,403 Client Error: Forbidden for url: https://data.sec.gov/api/xbrl/companyfacts/CIK0001679788.json,2026-10-02
COO,0000711404,403 Client Error: Forbidden for url: https://data.sec.gov/api/xbrl/companyfacts/CIK0000711404.json,2026-10-02
COP,0001163165,403 Client Error: Forbidden for url: https://data.sec.gov/api/xbrl/companyfacts/CIK0001163165.json,2026-10-02
COR,0001140859,403 Client Error: Forbidden for url: https://data.sec.gov/api/xbrl/companyfacts/CIK0001140859.json,2026-10-02
COST,0000909832,403 Client Error: Forbidden for url: https://data.sec.gov/api/xbrl/companyfacts/CIK0000909832.json,2026-10-02
CPAY,0001175454,403 Client Error: Forbidden for url: https://data.sec.gov/api/xbrl/companyfacts/CIK0001175454.json,2026-10-02
CPRT,0000900075,403 Client Error: Forbidden for url: https://data.sec.gov/api/xbrl/companyfacts/CIK0000900075.json,2026-10-02
CPT,0000906345,403 Client Error: Forbidden for url: https://data.sec.gov/api/xbrl/companyfacts/CIK0000906345.json,2026-10-02
CRH,0000849395,403 Client Error: Forbidden for url: https://data.sec.gov/api/xbrl/companyfacts/CIK0000849395.json,2026-10-02
CRL,0001100682,403 Client Error: Forbidden for url: https://data.sec.gov/api/xbrl/companyfacts/CIK0001100682.json,2026-10-02
CRM,0001108524,403 Client Error: Forbidden for url: https://data.sec.gov/api/xbrl/companyfacts/CIK0001108524.json,2026-10-02
CRWD,0001535527,403 Client Error: Forbidden for url: https://data.sec.gov/api/xbrl/companyfacts/CIK0001535527.json,2026-10-02
CSCO,0000858877,403 Client Error: Forbidden for url: https://data.sec.gov/api/xbrl/companyfacts/CIK0000858877.json,2026-10-02
CSGP,0001057352,403 Client Error: Forbidden for url: https://data.sec.gov/api/xbrl/companyfacts/CIK0001057352.json,2026-10-02
CSX,0000277948,403 Client Error: Forbidden for url: https://data.sec.gov/api/xbrl/companyfacts/CIK0000277948.json,2026-10-02
CTAS,0000723254,403 Client Error: Forbidden for url: https://data.sec.gov/api/xbrl/companyfacts/CIK0000723254.json,2026-10-02
CTSH,0001058290,403 Client Error: Forbidden for url: https://data.sec.gov/api/xbrl/companyfacts/CIK0001058290.json,2026-10-02
CTVA,0001755672,403 Client Error: Forbidden for url: https://data.sec.gov/api/xbrl/companyfacts/CIK0001755672.json,2026-10-02
CVNA,0001690820,403 Client Error: Forbidden for url: https://data.sec.gov/api/xbrl/companyfacts/CIK0001690820.json,2026-10-02
CVS,0000064803,403 Client Error: Forbidden for url: https://data.sec.gov/api/xbrl/companyfacts/CIK0000064803.json,2026-10-02
CVX,0000093410,403 Client Error: Forbidden for url: https://data.sec.gov/api/xbrl/companyfacts/CIK0000093410.json,2026-10-02
D,0000715957,403 Client Error: Forbidden for url: https://data.sec.gov/api/xbrl/companyfacts/CIK0000715957.json,2026-10-02
DAL,0000027904,403 Client Error: Forbidden for url: https://data.sec.gov/api/xbrl/companyfacts/CIK0000027904.json,2026-10-02
DASH,0001792789,403 Client Error: Forbidden for url: https://data.sec.gov/api/xbrl/companyfacts/CIK0001792789.json,2026-10-02
DD,0001666700,403 Client Error: Forbidden for url: https://data.sec.gov/api/xbrl/companyfacts/CIK0001666700.json,2026-10-02
DDOG,0001561550,403 Client Error: Forbidden for url: https://data.sec.gov/api/xbrl/companyfacts/CIK0001561550.json,2026-10-02
DE,0000315189,403 Client Error: Forbidden for url: https://data.sec.gov/api/xbrl/companyfacts/CIK0000315189.json,2026-10-02
DECK,0000910521,403 Client Error: Forbidden for url: https://data.sec.gov/api/xbrl/companyfacts/CIK0000910521.json,2026-10-02
DELL,0001571996,403 Client Error: Forbidden for url: https://data.sec.gov/api/xbrl/companyfacts/CIK0001571996.json,2026-10-02
DG,0000029534,403 Client Error: Forbidden for url: https://data.sec.gov/api/xbrl/companyfacts/CIK0000029534.json,2026-10-02
DGX,0001022079,403 Client Error: Forbidden for url: https://data.sec.gov/api/xbrl/companyfacts/CIK0001022079.json,2026-10-02
DHI,0000882184,403 Client Error: Forbidden for url: https://data.sec.gov/api/xbrl/companyfacts/CIK0000882184.json,2026-10-02
DHR,0000313616,403 Client Error: Forbidden for url: https://data.sec.gov/api/xbrl/companyfacts/CIK0000313616.json,2026-10-02
DIS,0001744489,403 Client Error: Forbidden for url: https://data.sec.gov/api/xbrl/companyfacts/CIK0001744489.json,2026-10-02
DLR,0001297996,403 Client Error: Forbidden for url: https://data.sec.gov/api/xbrl/companyfacts/CIK0001297996.json,2026-10-02
DLTR,0000935703,403 Client Error: Forbidden for url: https://data.sec.gov/api/xbrl/companyfacts/CIK0000935703.json,2026-10-02
DOC,0000765880,403 Client Error: Forbidden for url: https://data.sec.gov/api/xbrl/companyfacts/CIK0000765880.json,2026-10-02
DOV,0000029905,403 Client Error: Forbidden for url: https://data.sec.gov/api/xbrl/companyfacts/CIK0000029905.json,2026-10-02
DOW,0001751788,403 Client Error: Forbidden for url: https://data.sec.gov/api/xbrl/companyfacts/CIK0001751788.json,2026-10-02
DPZ,0001286681,403 Client Error: Forbidden for url: https://data.sec.gov/api/xbrl/companyfacts/CIK0001286681.json,2026-10-02
DRI,0000940944,403 Client Error: Forbidden for url: https://data.sec.gov/api/xbrl/companyfacts/CIK0000940944.json,2026-10-02
DTE,0000936340,403 Client Error: Forbidden for url: https://data.sec.gov/api/xbrl/companyfacts/CIK0000936340.json,2026-10-02
DUK,0001326160,403 Client Error: Forbidden for url: https://data.sec.gov/api/xbrl/companyfacts/CIK0001326160.json,2026-10-02
DVA,0000927066,403 Client Error: Forbidden for url: https://data.sec.gov/api/xbrl/companyfacts/CIK0000927066.json,2026-10-02
DVN,0001090012,403 Client Error: Forbidden for url: https://data.sec.gov/api/xbrl/companyfacts/CIK0001090012.json,2026-10-02
DXCM,0001093557,403 Client Error: Forbidden for url: https://data.sec.gov/api/xbrl/companyfacts/CIK0001093557.json,2026-10-02
EBAY,0001065088,403 Client Error: Forbidden for url: https://data.sec.gov/api/xbrl/companyfacts/CIK0001065088.json,2026-10-02
ECL,0000031462,403 Client Error: Forbidden for url: https://data.sec.gov/api/xbrl/companyfacts/CIK0000031462.json,2026-10-02
ED,0001047862,403 Client Error: Forbidden for url: https://data.sec.gov/api/xbrl/companyfacts/CIK0001047862.json,2026-10-02
EFX,0000033185,403 Client Error: Forbidden for url: https://data.sec.gov/api/xbrl/companyfacts/CIK0000033185.json,2026-10-02
EG,0001095073,403 Client Error: Forbidden for url: https://data.sec.gov/api/xbrl/companyfacts/CIK0001095073.json,2026-10-02
EIX,0000827052,403 Client Error: Forbidden for url: https://data.sec.gov/api/xbrl/companyfacts/CIK0000827052.json,2026-10-02
EL,0001001250,403 Client Error: Forbidden for url: https://data.sec.gov/api/xbrl/companyfacts/CIK0001001250.json,2026-10-02
ELV,0001156039,403 Client Error: Forbidden for url: https://data.sec.gov/api/xbrl/companyfacts/CIK0001156039.json,2026-10-02
EME,0000105634,403 Client Error: Forbidden for url: https://data.sec.gov/api/xbrl/companyfacts/CIK0000105634.json,2026-10-02
EMR,0000032604,403 Client Error: Forbidden for url: https://data.sec.gov/api/xbrl/companyfacts/CIK0000032604.json,2026-10-02
EOG,0000821189,403 Client Error: Forbidden for url: https://data.sec.gov/api/xbrl/companyfacts/CIK0000821189.json,2026-10-02
EQIX,0001101239,403 Client Error: Forbidden for url: https://data.sec.gov/api/xbrl/companyfacts/CIK0001101239.json,2026-10-02
EQT,0000033213,403 Client Error: Forbidden for url: https://data.sec.gov/api/xbrl/companyfacts/CIK0000033213.json,2026-10-02
ERIE,0000922621,403 Client Error: Forbidden for url: https://data.sec.gov/api/xbrl/companyfacts/CIK0000922621.json,2026-10-02
ES,0000072741,403 Client Error: Forbidden for url: https://data.sec.gov/api/xbrl/companyfacts/CIK0000072741.json,2026-10-02
ESS,0000920522,403 Client Error: Forbidden for url: https://data.sec.gov/api/xbrl/companyfacts/CIK0000920522.json,2026-10-02
ETN,0001551182,403 Client Error: Forbidden for url: https://data.sec.gov/api/xbrl/companyfacts/CIK0001551182.json,2026-10-02
ETR,0000065984,403 Client Error: Forbidden for url: https://data.sec.gov/api/xbrl/companyfacts/CIK0000065984.json,2026-10-02
EVRG,0001711269,403 Client Error: Forbidden for url: https://data.sec.gov/api/xbrl/companyfacts/CIK0001711269.json,2026-10-02
EW,0001099800,403 Client Error: Forbidden for url: https://data.sec.gov/api/xbrl/companyfacts/CIK0001099800.json,2026-10-02
EXC,0001109357,403 Client Error: Forbidden for url: https://data.sec.gov/api/xbrl/companyfacts/CIK0001109357.json,2026-10-02
EXE,0000895126,403 Client Error: Forbidden for url: https://data.sec.gov/api/xbrl/companyfacts/CIK0000895126.json,2026-10-02
EXPD,0000746515,403 Client Error: Forbidden for url: https://data.sec.gov/api/xbrl/companyfacts/CIK0000746515.json,2026-10-02
EXPE,0001324424,403 Client Error: Forbidden for url: https://data.sec.gov/api/xbrl/companyfacts/CIK0001324424.json,2026-10-02
EXR,0001289490,403 Client Error: Forbidden for url: https://data.sec.gov/api/xbrl/companyfacts/CIK0001289490.json,2026-10-02
F,0000037996,403 Client Error: Forbidden for url: https://data.sec.gov/api/xbrl/companyfacts/CIK0000037996.json,2026-10-02
FANG,0001539838,403 Client Error: Forbidden for url: https://data.sec.gov/api/xbrl/companyfacts/CIK0001539838.json,2026-10-02
FAST,0000815556,403 Client Error: Forbidden for url: https://data.sec.gov/api/xbrl/companyfacts/CIK0000815556.json,2026-10-02
FCX,0000831259,403 Client Error: Forbidden for url: https://data.sec.gov/api/xbrl/companyfacts/CIK0000831259.json,2026-10-02
FDS,0001013237,403 Client Error: Forbidden for url: https://data.sec.gov/api/xbrl/companyfacts/CIK0001013237.json,2026-10-02
FDX,0001048911,403 Client Error: Forbidden for url: https://data.sec.gov/api/xbrl/companyfacts/CIK0001048911.json,2026-10-02
FDXF,0002082247,403 Client Error: Forbidden for url: https://data.sec.gov/api/xbrl/companyfacts/CIK0002082247.json,2026-10-02
FE,0001031296,403 Client Error: Forbidden for url: https://data.sec.gov/api/xbrl/companyfacts/CIK0001031296.json,2026-10-02
FERG,0002011641,403 Client Error: Forbidden for url: https://data.sec.gov/api/xbrl/companyfacts/CIK0002011641.json,2026-10-02
FFIV,0001048695,403 Client Error: Forbidden for url: https://data.sec.gov/api/xbrl/companyfacts/CIK0001048695.json,2026-10-02
FICO,0000814547,403 Client Error: Forbidden for url: https://data.sec.gov/api/xbrl/companyfacts/CIK0000814547.json,2026-10-02
FIS,0001136893,403 Client Error: Forbidden for url: https://data.sec.gov/api/xbrl/companyfacts/CIK0001136893.json,2026-10-02
FISV,0000798354,403 Client Error: Forbidden for url: https://data.sec.gov/api/xbrl/companyfacts/CIK0000798354.json,2026-10-02
FITB,0000035527,403 Client Error: Forbidden for url: https://data.sec.gov/api/xbrl/companyfacts/CIK0000035527.json,2026-10-02
FIX,0001035983,403 Client Error: Forbidden for url: https://data.sec.gov/api/xbrl/companyfacts/CIK0001035983.json,2026-10-02
FLEX,0000866374,403 Client Error: Forbidden for url: https://data.sec.gov/api/xbrl/companyfacts/CIK0000866374.json,2026-10-02
FOX,0001754301,403 Client Error: Forbidden for url: https://data.sec.gov/api/xbrl/companyfacts/CIK0001754301.json,2026-10-02
FOXA,0001754301,403 Client Error: Forbidden for url: https://data.sec.gov/api/xbrl/companyfacts/CIK0001754301.json,2026-10-02
FRT,0000034903,403 Client Error: Forbidden for url: https://data.sec.gov/api/xbrl/companyfacts/CIK0000034903.json,2026-10-02
FSLR,0001274494,403 Client Error: Forbidden for url: https://data.sec.gov/api/xbrl/companyfacts/CIK0001274494.json,2026-10-02
FTNT,0001262039,403 Client Error: Forbidden for url: https://data.sec.gov/api/xbrl/companyfacts/CIK0001262039.json,2026-10-02
FTV,0001659166,403 Client Error: Forbidden for url: https://data.sec.gov/api/xbrl/companyfacts/CIK0001659166.json,2026-10-02
GD,0000040533,403 Client Error: Forbidden for url: https://data.sec.gov/api/xbrl/companyfacts/CIK0000040533.json,2026-10-02
GDDY,0001609711,403 Client Error: Forbidden for url: https://data.sec.gov/api/xbrl/companyfacts/CIK0001609711.json,2026-10-02
GE,0000040545,403 Client Error: Forbidden for url: https://data.sec.gov/api/xbrl/companyfacts/CIK0000040545.json,2026-10-02
GEHC,0001932393,403 Client Error: Forbidden for url: https://data.sec.gov/api/xbrl/companyfacts/CIK0001932393.json,2026-10-02
GEN,0000849399,403 Client Error: Forbidden for url: https://data.sec.gov/api/xbrl/companyfacts/CIK0000849399.json,2026-10-02
GEV,0001996810,403 Client Error: Forbidden for url: https://data.sec.gov/api/xbrl/companyfacts/CIK0001996810.json,2026-10-02
GILD,0000882095,403 Client Error: Forbidden for url: https://data.sec.gov/api/xbrl/companyfacts/CIK0000882095.json,2026-10-02
GIS,0000040704,403 Client Error: Forbidden for url: https://data.sec.gov/api/xbrl/companyfacts/CIK0000040704.json,2026-10-02
GL,0000320335,403 Client Error: Forbidden for url: https://data.sec.gov/api/xbrl/companyfacts/CIK0000320335.json,2026-10-02
GLW,0000024741,403 Client Error: Forbidden for url: https://data.sec.gov/api/xbrl/companyfacts/CIK0000024741.json,2026-10-02
GM,0001467858,403 Client Error: Forbidden for url: https://data.sec.gov/api/xbrl/companyfacts/CIK0001467858.json,2026-10-02
GNRC,0001474735,403 Client Error: Forbidden for url: https://data.sec.gov/api/xbrl/companyfacts/CIK0001474735.json,2026-10-02
GOOG,0001652044,403 Client Error: Forbidden for url: https://data.sec.gov/api/xbrl/companyfacts/CIK0001652044.json,2026-10-02
GOOGL,0001652044,403 Client Error: Forbidden for url: https://data.sec.gov/api/xbrl/companyfacts/CIK0001652044.json,2026-10-02
GPC,0000040987,403 Client Error: Forbidden for url: https://data.sec.gov/api/xbrl/companyfacts/CIK0000040987.json,2026-10-02
GPN,0001123360,403 Client Error: Forbidden for url: https://data.sec.gov/api/xbrl/companyfacts/CIK0001123360.json,2026-10-02
GRMN,0001121788,403 Client Error: Forbidden for url: https://data.sec.gov/api/xbrl/companyfacts/CIK0001121788.json,2026-10-02
GS,0000886982,403 Client Error: Forbidden for url: https://data.sec.gov/api/xbrl/companyfacts/CIK0000886982.json,2026-10-02
GWW,0000277135,403 Client Error: Forbidden for url: https://data.sec.gov/api/xbrl/companyfacts/CIK0000277135.json,2026-10-02
HAL,0000045012,403 Client Error: Forbidden for url: https://data.sec.gov/api/xbrl/companyfacts/CIK0000045012.json,2026-10-02
HAS,0000046080,403 Client Error: Forbidden for url: https://data.sec.gov/api/xbrl/companyfacts/CIK0000046080.json,2026-10-02
HBAN,0000049196,403 Client Error: Forbidden for url: https://data.sec.gov/api/xbrl/companyfacts/CIK0000049196.json,2026-10-02
HCA,0000860730,403 Client Error: Forbidden for url: https://data.sec.gov/api/xbrl/companyfacts/CIK0000860730.json,2026-10-02
HD,0000354950,403 Client Error: Forbidden for url: https://data.sec.gov/api/xbrl/companyfacts/CIK0000354950.json,2026-10-02
HIG,0000874766,403 Client Error: Forbidden for url: https://data.sec.gov/api/xbrl/companyfacts/CIK0000874766.json,2026-10-02
HII,0001501585,403 Client Error: Forbidden for url: https://data.sec.gov/api/xbrl/companyfacts/CIK0001501585.json,2026-10-02
HLT,0001585689,403 Client Error: Forbidden for url: https://data.sec.gov/api/xbrl/companyfacts/CIK0001585689.json,2026-10-02
HON,0000773840,403 Client Error: Forbidden for url: https://data.sec.gov/api/xbrl/companyfacts/CIK0000773840.json,2026-10-02
HONA,0002089271,403 Client Error: Forbidden for url: https://data.sec.gov/api/xbrl/companyfacts/CIK0002089271.json,2026-10-02
HOOD,0001783879,403 Client Error: Forbidden for url: https://data.sec.gov/api/xbrl/companyfacts/CIK0001783879.json,2026-10-02
HPE,0001645590,403 Client Error: Forbidden for url: https://data.sec.gov/api/xbrl/companyfacts/CIK0001645590.json,2026-10-02
HPQ,0000047217,403 Client Error: Forbidden for url: https://data.sec.gov/api/xbrl/companyfacts/CIK0000047217.json,2026-10-02
HRL,0000048465,403 Client Error: Forbidden for url: https://data.sec.gov/api/xbrl/companyfacts/CIK0000048465.json,2026-10-02
HSIC,0001000228,403 Client Error: Forbidden for url: https://data.sec.gov/api/xbrl/companyfacts/CIK0001000228.json,2026-10-02
HST,0001070750,403 Client Error: Forbidden for url: https://data.sec.gov/api/xbrl/companyfacts/CIK0001070750.json,2026-10-02
HSY,0000047111,403 Client Error: Forbidden for url: https://data.sec.gov/api/xbrl/companyfacts/CIK0000047111.json,2026-10-02
HUBB,0000048898,403 Client Error: Forbidden for url: https://data.sec.gov/api/xbrl/companyfacts/CIK0000048898.json,2026-10-02
HUM,0000049071,403 Client Error: Forbidden for url: https://data.sec.gov/api/xbrl/companyfacts/CIK0000049071.json,2026-10-02
HWM,0000004281,403 Client Error: Forbidden for url: https://data.sec.gov/api/xbrl/companyfacts/CIK0000004281.json,2026-10-02
IBKR,0001381197,403 Client Error: Forbidden for url: https://data.sec.gov/api/xbrl/companyfacts/CIK0001381197.json,2026-10-02
IBM,0000051143,403 Client Error: Forbidden for url: https://data.sec.gov/api/xbrl/companyfacts/CIK0000051143.json,2026-10-02
ICE,0001571949,403 Client Error: Forbidden for url: https://data.sec.gov/api/xbrl/companyfacts/CIK0001571949.json,2026-10-02
IDXX,0000874716,403 Client Error: Forbidden for url: https://data.sec.gov/api/xbrl/companyfacts/CIK0000874716.json,2026-10-02
IEX,0000832101,403 Client Error: Forbidden for url: https://data.sec.gov/api/xbrl/companyfacts/CIK0000832101.json,2026-10-02
IFF,0000051253,403 Client Error: Forbidden for url: https://data.sec.gov/api/xbrl/companyfacts/CIK0000051253.json,2026-10-02
ILMN,0001110803,403 Client Error: Forbidden for url: https://data.sec.gov/api/xbrl/companyfacts/CIK0001110803.json,2026-10-02
INCY,0000879169,403 Client Error: Forbidden for url: https://data.sec.gov/api/xbrl/companyfacts/CIK0000879169.json,2026-10-02
INTC,0000050863,403 Client Error: Forbidden for url: https://data.sec.gov/api/xbrl/companyfacts/CIK0000050863.json,2026-10-02
INTU,0000896878,403 Client Error: Forbidden for url: https://data.sec.gov/api/xbrl/companyfacts/CIK0000896878.json,2026-10-02
INVH,0001687229,403 Client Error: Forbidden for url: https://data.sec.gov/api/xbrl/companyfacts/CIK0001687229.json,2026-10-02
IP,0000051434,403 Client Error: Forbidden for url: https://data.sec.gov/api/xbrl/companyfacts/CIK0000051434.json,2026-10-02
IQV,0001478242,403 Client Error: Forbidden for url: https://data.sec.gov/api/xbrl/companyfacts/CIK0001478242.json,2026-10-02
IR,0001699150,403 Client Error: Forbidden for url: https://data.sec.gov/api/xbrl/companyfacts/CIK0001699150.json,2026-10-02
IRM,0001020569,403 Client Error: Forbidden for url: https://data.sec.gov/api/xbrl/companyfacts/CIK0001020569.json,2026-10-02
ISRG,0001035267,403 Client Error: Forbidden for url: https://data.sec.gov/api/xbrl/companyfacts/CIK0001035267.json,2026-10-02
IT,0000749251,403 Client Error: Forbidden for url: https://data.sec.gov/api/xbrl/companyfacts/CIK0000749251.json,2026-10-02
ITW,0000049826,403 Client Error: Forbidden for url: https://data.sec.gov/api/xbrl/companyfacts/CIK0000049826.json,2026-10-02
IVZ,0000914208,403 Client Error: Forbidden for url: https://data.sec.gov/api/xbrl/companyfacts/CIK0000914208.json,2026-10-02
J,0000052988,403 Client Error: Forbidden for url: https://data.sec.gov/api/xbrl/companyfacts/CIK0000052988.json,2026-10-02
JBHT,0000728535,403 Client Error: Forbidden for url: https://data.sec.gov/api/xbrl/companyfacts/CIK0000728535.json,2026-10-02
JBL,0000898293,403 Client Error: Forbidden for url: https://data.sec.gov/api/xbrl/companyfacts/CIK0000898293.json,2026-10-02
JCI,0000833444,403 Client Error: Forbidden for url: https://data.sec.gov/api/xbrl/companyfacts/CIK0000833444.json,2026-10-02
JKHY,0000779152,403 Client Error: Forbidden for url: https://data.sec.gov/api/xbrl/companyfacts/CIK0000779152.json,2026-10-02
JNJ,0000200406,403 Client Error: Forbidden for url: https://data.sec.gov/api/xbrl/companyfacts/CIK0000200406.json,2026-10-02
JPM,0000019617,403 Client Error: Forbidden for url: https://data.sec.gov/api/xbrl/companyfacts/CIK0000019617.json,2026-10-02
KDP,0001418135,403 Client Error: Forbidden for url: https://data.sec.gov/api/xbrl/companyfacts/CIK0001418135.json,2026-10-02
KEY,0000091576,403 Client Error: Forbidden for url: https://data.sec.gov/api/xbrl/companyfacts/CIK0000091576.json,2026-10-02
KEYS,0001601046,403 Client Error: Forbidden for url: https://data.sec.gov/api/xbrl/companyfacts/CIK0001601046.json,2026-10-02
KHC,0001637459,403 Client Error: Forbidden for url: https://data.sec.gov/api/xbrl/companyfacts/CIK0001637459.json,2026-10-02
KIM,0000879101,403 Client Error: Forbidden for url: https://data.sec.gov/api/xbrl/companyfacts/CIK0000879101.json,2026-10-02
KKR,0001404912,403 Client Error: Forbidden for url: https://data.sec.gov/api/xbrl/companyfacts/CIK0001404912.json,2026-10-02
KLAC,0000319201,403 Client Error: Forbidden for url: https://data.sec.gov/api/xbrl/companyfacts/CIK0000319201.json,2026-10-02
KMB,0000055785,403 Client Error: Forbidden for url: https://data.sec.gov/api/xbrl/companyfacts/CIK0000055785.json,2026-10-02
KMI,0001506307,403 Client Error: Forbidden for url: https://data.sec.gov/api/xbrl/companyfacts/CIK0001506307.json,2026-10-02
KO,0000021344,403 Client Error: Forbidden for url: https://data.sec.gov/api/xbrl/companyfacts/CIK0000021344.json,2026-10-02
KR,0000056873,403 Client Error: Forbidden for url: https://data.sec.gov/api/xbrl/companyfacts/CIK0000056873.json,2026-10-02
KVUE,0001944048,403 Client Error: Forbidden for url: https://data.sec.gov/api/xbrl/companyfacts/CIK0001944048.json,2026-10-02
L,0000060086,403 Client Error: Forbidden for url: https://data.sec.gov/api/xbrl/companyfacts/CIK0000060086.json,2026-10-02
LDOS,0001336920,403 Client Error: Forbidden for url: https://data.sec.gov/api/xbrl/companyfacts/CIK0001336920.json,2026-10-02
LEN,0000920760,403 Client Error: Forbidden for url: https://data.sec.gov/api/xbrl/companyfacts/CIK0000920760.json,2026-10-02
LH,0000920148,403 Client Error: Forbidden for url: https://data.sec.gov/api/xbrl/companyfacts/CIK0000920148.json,2026-10-02
LHX,0000202058,403 Client Error: Forbidden for url: https://data.sec.gov/api/xbrl/companyfacts/CIK0000202058.json,2026-10-02
LII,0001069202,403 Client Error: Forbidden for url: https://data.sec.gov/api/xbrl/companyfacts/CIK0001069202.json,2026-10-02
LIN,0001707925,403 Client Error: Forbidden for url: https://data.sec.gov/api/xbrl/companyfacts/CIK0001707925.json,2026-10-02
LITE,0001633978,403 Client Error: Forbidden for url: https://data.sec.gov/api/xbrl/companyfacts/CIK0001633978.json,2026-10-02
LLY,0000059478,403 Client Error: Forbidden for url: https://data.sec.gov/api/xbrl/companyfacts/CIK0000059478.json,2026-10-02
LMT,0000936468,403 Client Error: Forbidden for url: https://data.sec.gov/api/xbrl/companyfacts/CIK0000936468.json,2026-10-02
LNT,0000352541,403 Client Error: Forbidden for url: https://data.sec.gov/api/xbrl/companyfacts/CIK0000352541.json,2026-10-02
LOW,0000060667,403 Client Error: Forbidden for url: https://data.sec.gov/api/xbrl/companyfacts/CIK0000060667.json,2026-10-02
LRCX,0000707549,403 Client Error: Forbidden for url: https://data.sec.gov/api/xbrl/companyfacts/CIK0000707549.json,2026-10-02
LULU,0001397187,403 Client Error: Forbidden for url: https://data.sec.gov/api/xbrl/companyfacts/CIK0001397187.json,2026-10-02
LUV,0000092380,403 Client Error: Forbidden for url: https://data.sec.gov/api/xbrl/companyfacts/CIK0000092380.json,2026-10-02
LVS,0001300514,403 Client Error: Forbidden for url: https://data.sec.gov/api/xbrl/companyfacts/CIK0001300514.json,2026-10-02
LYB,0001489393,403 Client Error: Forbidden for url: https://data.sec.gov/api/xbrl/companyfacts/CIK0001489393.json,2026-10-02
LYV,0001335258,403 Client Error: Forbidden for url: https://data.sec.gov/api/xbrl/companyfacts/CIK0001335258.json,2026-10-02
MA,0001141391,403 Client Error: Forbidden for url: https://data.sec.gov/api/xbrl/companyfacts/CIK0001141391.json,2026-10-02
MAA,0000912595,403 Client Error: Forbidden for url: https://data.sec.gov/api/xbrl/companyfacts/CIK0000912595.json,2026-10-02
MAR,0001048286,403 Client Error: Forbidden for url: https://data.sec.gov/api/xbrl/companyfacts/CIK0001048286.json,2026-10-02
MAS,0000062996,403 Client Error: Forbidden for url: https://data.sec.gov/api/xbrl/companyfacts/CIK0000062996.json,2026-10-02
MCD,0000063908,403 Client Error: Forbidden for url: https://data.sec.gov/api/xbrl/companyfacts/CIK0000063908.json,2026-10-02
MCHP,0000827054,403 Client Error: Forbidden for url: https://data.sec.gov/api/xbrl/companyfacts/CIK0000827054.json,2026-10-02
MCK,0000927653,403 Client Error: Forbidden for url: https://data.sec.gov/api/xbrl/companyfacts/CIK0000927653.json,2026-10-02
MCO,0001059556,403 Client Error: Forbidden for url: https://data.sec.gov/api/xbrl/companyfacts/CIK0001059556.json,2026-10-02
MDLZ,0001103982,403 Client Error: Forbidden for url: https://data.sec.gov/api/xbrl/companyfacts/CIK0001103982.json,2026-10-02
MDT,0001613103,403 Client Error: Forbidden for url: https://data.sec.gov/api/xbrl/companyfacts/CIK0001613103.json,2026-10-02
MET,0001099219,403 Client Error: Forbidden for url: https://data.sec.gov/api/xbrl/companyfacts/CIK0001099219.json,2026-10-02
META,0001326801,403 Client Error: Forbidden for url: https://data.sec.gov/api/xbrl/companyfacts/CIK0001326801.json,2026-10-02
MGM,0000789570,403 Client Error: Forbidden for url: https://data.sec.gov/api/xbrl/companyfacts/CIK0000789570.json,2026-10-02
MKC,0000063754,403 Client Error: Forbidden for url: https://data.sec.gov/api/xbrl/companyfacts/CIK0000063754.json,2026-10-02
MLM,0000916076,403 Client Error: Forbidden for url: https://data.sec.gov/api/xbrl/companyfacts/CIK0000916076.json,2026-10-02
MMM,0000066740,403 Client Error: Forbidden for url: https://data.sec.gov/api/xbrl/companyfacts/CIK0000066740.json,2026-10-02
MNST,0000865752,403 Client Error: Forbidden for url: https://data.sec.gov/api/xbrl/companyfacts/CIK0000865752.json,2026-10-02
MO,0000764180,403 Client Error: Forbidden for url: https://data.sec.gov/api/xbrl/companyfacts/CIK0000764180.json,2026-10-02
MOS,0001285785,403 Client Error: Forbidden for url: https://data.sec.gov/api/xbrl/companyfacts/CIK0001285785.json,2026-10-02
MPC,0001510295,403 Client Error: Forbidden for url: https://data.sec.gov/api/xbrl/companyfacts/CIK0001510295.json,2026-10-02
MPWR,0001280452,403 Client Error: Forbidden for url: https://data.sec.gov/api/xbrl/companyfacts/CIK0001280452.json,2026-10-02
MRK,0000310158,403 Client Error: Forbidden for url: https://data.sec.gov/api/xbrl/companyfacts/CIK0000310158.json,2026-10-02
MRNA,0001682852,403 Client Error: Forbidden for url: https://data.sec.gov/api/xbrl/companyfacts/CIK0001682852.json,2026-10-02
MRSH,0000062709,403 Client Error: Forbidden for url: https://data.sec.gov/api/xbrl/companyfacts/CIK0000062709.json,2026-10-02
MRVL,0001835632,403 Client Error: Forbidden for url: https://data.sec.gov/api/xbrl/companyfacts/CIK0001835632.json,2026-10-02
MS,0000895421,403 Client Error: Forbidden for url: https://data.sec.gov/api/xbrl/companyfacts/CIK0000895421.json,2026-10-02
MSCI,0001408198,403 Client Error: Forbidden for url: https://data.sec.gov/api/xbrl/companyfacts/CIK0001408198.json,2026-10-02
MSFT,0000789019,403 Client Error: Forbidden for url: https://data.sec.gov/api/xbrl/companyfacts/CIK0000789019.json,2026-10-02
MSI,0000068505,403 Client Error: Forbidden for url: https://data.sec.gov/api/xbrl/companyfacts/CIK0000068505.json,2026-10-02
MTB,0000036270,403 Client Error: Forbidden for url: https://data.sec.gov/api/xbrl/companyfacts/CIK0000036270.json,2026-10-02
MTD,0001037646,403 Client Error: Forbidden for url: https://data.sec.gov/api/xbrl/companyfacts/CIK0001037646.json,2026-10-02
MU,0000723125,403 Client Error: Forbidden for url: https://data.sec.gov/api/xbrl/companyfacts/CIK0000723125.json,2026-10-02
NCLH,0001513761,403 Client Error: Forbidden for url: https://data.sec.gov/api/xbrl/companyfacts/CIK0001513761.json,2026-10-02
NDAQ,0001120193,403 Client Error: Forbidden for url: https://data.sec.gov/api/xbrl/companyfacts/CIK0001120193.json,2026-10-02
NDSN,0000072331,403 Client Error: Forbidden for url: https://data.sec.gov/api/xbrl/companyfacts/CIK0000072331.json,2026-10-02
NEE,0000753308,403 Client Error: Forbidden for url: https://data.sec.gov/api/xbrl/companyfacts/CIK0000753308.json,2026-10-02
NEM,0001164727,403 Client Error: Forbidden for url: https://data.sec.gov/api/xbrl/companyfacts/CIK0001164727.json,2026-10-02
NFLX,0001065280,403 Client Error: Forbidden for url: https://data.sec.gov/api/xbrl/companyfacts/CIK0001065280.json,2026-10-02
NI,0001111711,403 Client Error: Forbidden for url: https://data.sec.gov/api/xbrl/companyfacts/CIK0001111711.json,2026-10-02
NKE,0000320187,403 Client Error: Forbidden for url: https://data.sec.gov/api/xbrl/companyfacts/CIK0000320187.json,2026-10-02
NOC,0001133421,403 Client Error: Forbidden for url: https://data.sec.gov/api/xbrl/companyfacts/CIK0001133421.json,2026-10-02
NOW,0001373715,403 Client Error: Forbidden for url: https://data.sec.gov/api/xbrl/companyfacts/CIK0001373715.json,2026-10-02
NRG,0001013871,403 Client Error: Forbidden for url: https://data.sec.gov/api/xbrl/companyfacts/CIK0001013871.json,2026-10-02
NSC,0000702165,403 Client Error: Forbidden for url: https://data.sec.gov/api/xbrl/companyfacts/CIK0000702165.json,2026-10-02
NTAP,0001002047,403 Client Error: Forbidden for url: https://data.sec.gov/api/xbrl/companyfacts/CIK0001002047.json,2026-10-02
NTRS,0000073124,403 Client Error: Forbidden for url: https://data.sec.gov/api/xbrl/companyfacts/CIK0000073124.json,2026-10-02
NUE,0000073309,403 Client Error: Forbidden for url: https://data.sec.gov/api/xbrl/companyfacts/CIK0000073309.json,2026-10-02
NVDA,0001045810,403 Client Error: Forbidden for url: https://data.sec.gov/api/xbrl/companyfacts/CIK0001045810.json,2026-10-02
NVR,0000906163,403 Client Error: Forbidden for url: https://data.sec.gov/api/xbrl/companyfacts/CIK0000906163.json,2026-10-02
NWS,0001564708,403 Client Error: Forbidden for url: https://data.sec.gov/api/xbrl/companyfacts/CIK0001564708.json,2026-10-02
NWSA,0001564708,403 Client Error: Forbidden for url: https://data.sec.gov/api/xbrl/companyfacts/CIK0001564708.json,2026-10-02
NXPI,0001413447,403 Client Error: Forbidden for url: https://data.sec.gov/api/xbrl/companyfacts/CIK0001413447.json,2026-10-02
O,0000726728,403 Client Error: Forbidden for url: https://data.sec.gov/api/xbrl/companyfacts/CIK0000726728.json,2026-10-02
ODFL,0000878927,403 Client Error: Forbidden for url: https://data.sec.gov/api/xbrl/companyfacts/CIK0000878927.json,2026-10-02
OKE,0001039684,403 Client Error: Forbidden for url: https://data.sec.gov/api/xbrl/companyfacts/CIK0001039684.json,2026-10-02
OMC,0000029989,403 Client Error: Forbidden for url: https://data.sec.gov/api/xbrl/companyfacts/CIK0000029989.json,2026-10-02
ON,0001097864,403 Client Error: Forbidden for url: https://data.sec.gov/api/xbrl/companyfacts/CIK0001097864.json,2026-10-02
ORCL,0001341439,403 Client Error: Forbidden for url: https://data.sec.gov/api/xbrl/companyfacts/CIK0001341439.json,2026-10-02
ORLY,0000898173,403 Client Error: Forbidden for url: https://data.sec.gov/api/xbrl/companyfacts/CIK0000898173.json,2026-10-02
OTIS,0001781335,403 Client Error: Forbidden for url: https://data.sec.gov/api/xbrl/companyfacts/CIK0001781335.json,2026-10-02
OXY,0000797468,403 Client Error: Forbidden for url: https://data.sec.gov/api/xbrl/companyfacts/CIK0000797468.json,2026-10-02
P,0001474432,403 Client Error: Forbidden for url: https://data.sec.gov/api/xbrl/companyfacts/CIK0001474432.json,2026-10-02
PANW,0001327567,403 Client Error: Forbidden for url: https://data.sec.gov/api/xbrl/companyfacts/CIK0001327567.json,2026-10-02
PAYX,0000723531,403 Client Error: Forbidden for url: https://data.sec.gov/api/xbrl/companyfacts/CIK0000723531.json,2026-10-02
PCAR,0000075362,403 Client Error: Forbidden for url: https://data.sec.gov/api/xbrl/companyfacts/CIK0000075362.json,2026-10-02
PCG,0001004980,403 Client Error: Forbidden for url: https://data.sec.gov/api/xbrl/companyfacts/CIK0001004980.json,2026-10-02
PEG,0000788784,403 Client Error: Forbidden for url: https://data.sec.gov/api/xbrl/companyfacts/CIK0000788784.json,2026-10-02
PEP,0000077476,403 Client Error: Forbidden for url: https://data.sec.gov/api/xbrl/companyfacts/CIK0000077476.json,2026-10-02
PFE,0000078003,403 Client Error: Forbidden for url: https://data.sec.gov/api/xbrl/companyfacts/CIK0000078003.json,2026-10-02
PFG,0001126328,403 Client Error: Forbidden for url: https://data.sec.gov/api/xbrl/companyfacts/CIK0001126328.json,2026-10-02
PG,0000080424,403 Client Error: Forbidden for url: https://data.sec.gov/api/xbrl/companyfacts/CIK0000080424.json,2026-10-02
PGR,0000080661,403 Client Error: Forbidden for url: https://data.sec.gov/api/xbrl/companyfacts/CIK0000080661.json,2026-10-02
PH,0000076334,403 Client Error: Forbidden for url: https://data.sec.gov/api/xbrl/companyfacts/CIK0000076334.json,2026-10-02
PHM,0000822416,403 Client Error: Forbidden for url: https://data.sec.gov/api/xbrl/companyfacts/CIK0000822416.json,2026-10-02
PKG,0000075677,403 Client Error: Forbidden for url: https://data.sec.gov/api/xbrl/companyfacts/CIK0000075677.json,2026-10-02
PLD,0001045609,403 Client Error: Forbidden for url: https://data.sec.gov/api/xbrl/companyfacts/CIK0001045609.json,2026-10-02
PLTR,0001321655,403 Client Error: Forbidden for url: https://data.sec.gov/api/xbrl/companyfacts/CIK0001321655.json,2026-10-02
PM,0001413329,403 Client Error: Forbidden for url: https://data.sec.gov/api/xbrl/companyfacts/CIK0001413329.json,2026-10-02
PNC,0000713676,403 Client Error: Forbidden for url: https://data.sec.gov/api/xbrl/companyfacts/CIK0000713676.json,2026-10-02
PNR,0000077360,403 Client Error: Forbidden for url: https://data.sec.gov/api/xbrl/companyfacts/CIK0000077360.json,2026-10-02
PNW,0000764622,403 Client Error: Forbidden for url: https://data.sec.gov/api/xbrl/companyfacts/CIK0000764622.json,2026-10-02
PODD,0001145197,403 Client Error: Forbidden for url: https://data.sec.gov/api/xbrl/companyfacts/CIK0001145197.json,2026-10-02
PPG,0000079879,403 Client Error: Forbidden for url: https://data.sec.gov/api/xbrl/companyfacts/CIK0000079879.json,2026-10-02
PPL,0000922224,403 Client Error: Forbidden for url: https://data.sec.gov/api/xbrl/companyfacts/CIK0000922224.json,2026-10-02
PRU,0001137774,403 Client Error: Forbidden for url: https://data.sec.gov/api/xbrl/companyfacts/CIK0001137774.json,2026-10-02
PSA,0001393311,403 Client Error: Forbidden for url: https://data.sec.gov/api/xbrl/companyfacts/CIK0001393311.json,2026-10-02
PSKY,0002041610,403 Client Error: Forbidden for url: https://data.sec.gov/api/xbrl/companyfacts/CIK0002041610.json,2026-10-02
PSX,0001534701,403 Client Error: Forbidden for url: https://data.sec.gov/api/xbrl/companyfacts/CIK0001534701.json,2026-10-02
PTC,0000857005,403 Client Error: Forbidden for url: https://data.sec.gov/api/xbrl/companyfacts/CIK0000857005.json,2026-10-02
PWR,0001050915,403 Client Error: Forbidden for url: https://data.sec.gov/api/xbrl/companyfacts/CIK0001050915.json,2026-10-02
PYPL,0001633917,403 Client Error: Forbidden for url: https://data.sec.gov/api/xbrl/companyfacts/CIK0001633917.json,2026-10-02
Q,0002058873,403 Client Error: Forbidden for url: https://data.sec.gov/api/xbrl/companyfacts/CIK0002058873.json,2026-10-02
QCOM,0000804328,403 Client Error: Forbidden for url: https://data.sec.gov/api/xbrl/companyfacts/CIK0000804328.json,2026-10-02
RCL,0000884887,403 Client Error: Forbidden for url: https://data.sec.gov/api/xbrl/companyfacts/CIK0000884887.json,2026-10-02
RDDT,0001713445,403 Client Error: Forbidden for url: https://data.sec.gov/api/xbrl/companyfacts/CIK0001713445.json,2026-10-02
REG,0000910606,403 Client Error: Forbidden for url: https://data.sec.gov/api/xbrl/companyfacts/CIK0000910606.json,2026-10-02
REGN,0000872589,403 Client Error: Forbidden for url: https://data.sec.gov/api/xbrl/companyfacts/CIK0000872589.json,2026-10-02
RF,0001281761,403 Client Error: Forbidden for url: https://data.sec.gov/api/xbrl/companyfacts/CIK0001281761.json,2026-10-02
RJF,0000720005,403 Client Error: Forbidden for url: https://data.sec.gov/api/xbrl/companyfacts/CIK0000720005.json,2026-10-02
RL,0001037038,403 Client Error: Forbidden for url: https://data.sec.gov/api/xbrl/companyfacts/CIK0001037038.json,2026-10-02
RMD,0000943819,403 Client Error: Forbidden for url: https://data.sec.gov/api/xbrl/companyfacts/CIK0000943819.json,2026-10-02
ROK,0001024478,403 Client Error: Forbidden for url: https://data.sec.gov/api/xbrl/companyfacts/CIK0001024478.json,2026-10-02
ROL,0000084839,403 Client Error: Forbidden for url: https://data.sec.gov/api/xbrl/companyfacts/CIK0000084839.json,2026-10-02
ROP,0000882835,403 Client Error: Forbidden for url: https://data.sec.gov/api/xbrl/companyfacts/CIK0000882835.json,2026-10-02
ROST,0000745732,403 Client Error: Forbidden for url: https://data.sec.gov/api/xbrl/companyfacts/CIK0000745732.json,2026-10-02
RSG,0001060391,403 Client Error: Forbidden for url: https://data.sec.gov/api/xbrl/companyfacts/CIK0001060391.json,2026-10-02
RTX,0000101829,403 Client Error: Forbidden for url: https://data.sec.gov/api/xbrl/companyfacts/CIK0000101829.json,2026-10-02
RVTY,0000031791,403 Client Error: Forbidden for url: https://data.sec.gov/api/xbrl/companyfacts/CIK0000031791.json,2026-10-02
SATS,,CIK not found,
SBAC,0001034054,403 Client Error: Forbidden for url: https://data.sec.gov/api/xbrl/companyfacts/CIK0001034054.json,2026-10-02
SBUX,0000829224,403 Client Error: Forbidden for url: https://data.sec.gov/api/xbrl/companyfacts/CIK0000829224.json,2026-10-02
SCHW,0000316709,403 Client Error: Forbidden for url: https://data.sec.gov/api/xbrl/companyfacts/CIK0000316709.json,2026-10-02
SHW,0000089800,403 Client Error: Forbidden for url: https://data.sec.gov/api/xbrl/companyfacts/CIK0000089800.json,2026-10-02
SJM,0000091419,403 Client Error: Forbidden for url: https://data.sec.gov/api/xbrl/companyfacts/CIK0000091419.json,2026-10-02
SLB,0000087347,403 Client Error: Forbidden for url: https://data.sec.gov/api/xbrl/companyfacts/CIK0000087347.json,2026-10-02
SMCI,0001375365,403 Client Error: Forbidden for url: https://data.sec.gov/api/xbrl/companyfacts/CIK0001375365.json,2026-10-02
SNA,0000091440,403 Client Error: Forbidden for url: https://data.sec.gov/api/xbrl/companyfacts/CIK0000091440.json,2026-10-02
SNDK,0002023554,403 Client Error: Forbidden for url: https://data.sec.gov/api/xbrl/companyfacts/CIK0002023554.json,2026-10-02
SNPS,0000883241,403 Client Error: Forbidden for url: https://data.sec.gov/api/xbrl/companyfacts/CIK0000883241.json,2026-10-02
SO,0000092122,403 Client Error: Forbidden for url: https://data.sec.gov/api/xbrl/companyfacts/CIK0000092122.json,2026-10-02
SOLV,0001964738,403 Client Error: Forbidden for url: https://data.sec.gov/api/xbrl/companyfacts/CIK0001964738.json,2026-10-02
SPG,0001063761,403 Client Error: Forbidden for url: https://data.sec.gov/api/xbrl/companyfacts/CIK0001063761.json,2026-10-02
SPGI,0000064040,403 Client Error: Forbidden for url: https://data.sec.gov/api/xbrl/companyfacts/CIK0000064040.json,2026-10-02
SRE,0001032208,403 Client Error: Forbidden for url: https://data.sec.gov/api/xbrl/companyfacts/CIK0001032208.json,2026-10-02
STE,0001757898,403 Client Error: Forbidden for url: https://data.sec.gov/api/xbrl/companyfacts/CIK0001757898.json,2026-10-02
STLD,0001022671,403 Client Error: Forbidden for url: https://data.sec.gov/api/xbrl/companyfacts/CIK0001022671.json,2026-10-02
STT,0000093751,403 Client Error: Forbidden for url: https://data.sec.gov/api/xbrl/companyfacts/CIK0000093751.json,2026-10-02
STX,0001137789,403 Client Error: Forbidden for url: https://data.sec.gov/api/xbrl/companyfacts/CIK0001137789.json,2026-10-02
STZ,0000016918,403 Client Error: Forbidden for url: https://data.sec.gov/api/xbrl/companyfacts/CIK0000016918.json,2026-10-02
SW,0002005951,403 Client Error: Forbidden for url: https://data.sec.gov/api/xbrl/companyfacts/CIK0002005951.json,2026-10-02
SWK,0000093556,403 Client Error: Forbidden for url: https://data.sec.gov/api/xbrl/companyfacts/CIK0000093556.json,2026-10-02
SWKS,0000004127,403 Client Error: Forbidden for url: https://data.sec.gov/api/xbrl/companyfacts/CIK0000004127.json,2026-10-02
SYF,0001601712,403 Client Error: Forbidden for url: https://data.sec.gov/api/xbrl/companyfacts/CIK0001601712.json,2026-10-02
SYK,0000310764,403 Client Error: Forbidden for url: https://data.sec.gov/api/xbrl/companyfacts/CIK0000310764.json,2026-10-02
SYY,0000096021,403 Client Error: Forbidden for url: https://data.sec.gov/api/xbrl/companyfacts/CIK0000096021.json,2026-10-02
T,0000732717,403 Client Error: Forbidden for url: https://data.sec.gov/api/xbrl/companyfacts/CIK0000732717.json,2026-10-02
TDG,0001260221,403 Client Error: Forbidden for url: https://data.sec.gov/api/xbrl/companyfacts/CIK0001260221.json,2026-10-02
TDY,0001094285,403 Client Error: Forbidden for url: https://data.sec.gov/api/xbrl/companyfacts/CIK0001094285.json,2026-10-02
TECH,0000842023,403 Client Error: Forbidden for url: https://data.sec.gov/api/xbrl/companyfacts/CIK0000842023.json,2026-10-02
TEL,0001385157,403 Client Error: Forbidden for url: https://data.sec.gov/api/xbrl/companyfacts/CIK0001385157.json,2026-10-02
TER,0000097210,403 Client Error: Forbidden for url: https://data.sec.gov/api/xbrl/companyfacts/CIK0000097210.json,2026-10-02
TFC,0000092230,403 Client Error: Forbidden for url: https://data.sec.gov/api/xbrl/companyfacts/CIK0000092230.json,2026-10-02
TGT,0000027419,403 Client Error: Forbidden for url: https://data.sec.gov/api/xbrl/companyfacts/CIK0000027419.json,2026-10-02
TJX,0000109198,403 Client Error: Forbidden for url: https://data.sec.gov/api/xbrl/companyfacts/CIK0000109198.json,2026-10-02
TKO,0001973266,403 Client Error: Forbidden for url: https://data.sec.gov/api/xbrl/companyfacts/CIK0001973266.json,2026-10-02
TMO,0000097745,403 Client Error: Forbidden for url: https://data.sec.gov/api/xbrl/companyfacts/CIK0000097745.json,2026-10-02
TMUS,0001283699,403 Client Error: Forbidden for url: https://data.sec.gov/api/xbrl/companyfacts/CIK0001283699.json,2026-10-02
TPL,0001811074,403 Client Error: Forbidden for url: https://data.sec.gov/api/xbrl/companyfacts/CIK0001811074.json,2026-10-02
TPR,0001116132,403 Client Error: Forbidden for url: https://data.sec.gov/api/xbrl/companyfacts/CIK0001116132.json,2026-10-02
TRGP,0001389170,403 Client Error: Forbidden for url: https://data.sec.gov/api/xbrl/companyfacts/CIK0001389170.json,2026-10-02
TRMB,0000864749,403 Client Error: Forbidden for url: https://data.sec.gov/api/xbrl/companyfacts/CIK0000864749.json,2026-10-02
TROW,0001113169,403 Client Error: Forbidden for url: https://data.sec.gov/api/xbrl/companyfacts/CIK0001113169.json,2026-10-02
TRV,0000086312,403 Client Error: Forbidden for url: https://data.sec.gov/api/xbrl/companyfacts/CIK0000086312.json,2026-10-02
TSCO,0000916365,403 Client Error: Forbidden for url: https://data.sec.gov/api/xbrl/companyfacts/CIK0000916365.json,2026-10-02
TSLA,0001318605,403 Client Error: Forbidden for url: https://data.sec.gov/api/xbrl/companyfacts/CIK0001318605.json,2026-10-02
TSN,0000100493,403 Client Error: Forbidden for url: https://data.sec.gov/api/xbrl/companyfacts/CIK0000100493.json,2026-10-02
TT,0001466258,403 Client Error: Forbidden for url: https://data.sec.gov/api/xbrl/companyfacts/CIK0001466258.json,2026-10-02
TTWO,0000946581,403 Client Error: Forbidden for url: https://data.sec.gov/api/xbrl/companyfacts/CIK0000946581.json,2026-10-02
TXN,0000097476,403 Client Error: Forbidden for url: https://data.sec.gov/api/xbrl/companyfacts/CIK0000097476.json,2026-10-02
TXT,0000217346,403 Client Error: Forbidden for url: https://data.sec.gov/api/xbrl/companyfacts/CIK0000217346.json,2026-10-02
TYL,0000860731,403 Client Error: Forbidden for url: https://data.sec.gov/api/xbrl/companyfacts/CIK0000860731.json,2026-10-02
UAL,0000100517,403 Client Error: Forbidden for url: https://data.sec.gov/api/xbrl/companyfacts/CIK0000100517.json,2026-10-02
UBER,0001543151,403 Client Error: Forbidden for url: https://data.sec.gov/api/xbrl/companyfacts/CIK0001543151.json,2026-10-02
UDR,0000074208,403 Client Error: Forbidden for url: https://data.sec.gov/api/xbrl/companyfacts/CIK0000074208.json,2026-10-02
UHS,0000352915,403 Client Error: Forbidden for url: https://data.sec.gov/api/xbrl/companyfacts/CIK0000352915.json,2026-10-02
ULTA,0001403568,403 Client Error: Forbidden for url: https://data.sec.gov/api/xbrl/companyfacts/CIK0001403568.json,2026-10-02
UNH,0000731766,403 Client Error: Forbidden for url: https://data.sec.gov/api/xbrl/companyfacts/CIK0000731766.json,2026-10-02
UNP,0000100885,403 Client Error: Forbidden for url: https://data.sec.gov/api/xbrl/companyfacts/CIK0000100885.json,2026-10-02
UPS,0001090727,403 Client Error: Forbidden for url: https://data.sec.gov/api/xbrl/companyfacts/CIK0001090727.json,2026-10-02
URI,0001067701,403 Client Error: Forbidden for url: https://data.sec.gov/api/xbrl/companyfacts/CIK0001067701.json,2026-10-02
USB,0000036104,403 Client Error: Forbidden for url: https://data.sec.gov/api/xbrl/companyfacts/CIK0000036104.json,2026-10-02
V,0001403161,403 Client Error: Forbidden for url: https://data.sec.gov/api/xbrl/companyfacts/CIK0001403161.json,2026-10-02
VEEV,0001393052,403 Client Error: Forbidden for url: https://data.sec.gov/api/xbrl/companyfacts/CIK0001393052.json,2026-10-02
VICI,0001705696,403 Client Error: Forbidden for url: https://data.sec.gov/api/xbrl/companyfacts/CIK0001705696.json,2026-10-02
VLO,0001035002,403 Client Error: Forbidden for url: https://data.sec.gov/api/xbrl/companyfacts/CIK0001035002.json,2026-10-02
VLTO,0001967680,403 Client Error: Forbidden for url: https://data.sec.gov/api/xbrl/companyfacts/CIK0001967680.json,2026-10-02
VMC,0001396009,403 Client Error: Forbidden for url: https://data.sec.gov/api/xbrl/companyfacts/CIK0001396009.json,2026-10-02
VMRK,0000906107,403 Client Error: Forbidden for url: https://data.sec.gov/api/xbrl/companyfacts/CIK0000906107.json,2026-10-02
VRSK,0001442145,403 Client Error: Forbidden for url: https://data.sec.gov/api/xbrl/companyfacts/CIK0001442145.json,2026-10-02
VRSN,0001014473,403 Client Error: Forbidden for url: https://data.sec.gov/api/xbrl/companyfacts/CIK0001014473.json,2026-10-02
VRT,0001674101,403 Client Error: Forbidden for url: https://data.sec.gov/api/xbrl/companyfacts/CIK0001674101.json,2026-10-02
VRTX,0000875320,403 Client Error: Forbidden for url: https://data.sec.gov/api/xbrl/companyfacts/CIK0000875320.json,2026-10-02
VST,0001692819,403 Client Error: Forbidden for url: https://data.sec.gov/api/xbrl/companyfacts/CIK0001692819.json,2026-10-02
VTR,0000740260,403 Client Error: Forbidden for url: https://data.sec.gov/api/xbrl/companyfacts/CIK0000740260.json,2026-10-02
VTRS,0001792044,403 Client Error: Forbidden for url: https://data.sec.gov/api/xbrl/companyfacts/CIK0001792044.json,2026-10-02
VYLR,,CIK not found,
VZ,0000732712,403 Client Error: Forbidden for url: https://data.sec.gov/api/xbrl/companyfacts/CIK0000732712.json,2026-10-02
WAB,0000943452,403 Client Error: Forbidden for url: https://data.sec.gov/api/xbrl/companyfacts/CIK0000943452.json,2026-10-02
WAT,0001000697,403 Client Error: Forbidden for url: https://data.sec.gov/api/xbrl/companyfacts/CIK0001000697.json,2026-10-02
WBD,0001437107,403 Client Error: Forbidden for url: https://data.sec.gov/api/xbrl/companyfacts/CIK0001437107.json,2026-10-02
WDAY,0001327811,403 Client Error: Forbidden for url: https://data.sec.gov/api/xbrl/companyfacts/CIK0001327811.json,2026-10-02
WDC,0000106040,403 Client Error: Forbidden for url: https://data.sec.gov/api/xbrl/companyfacts/CIK0000106040.json,2026-10-02
WEC,0000783325,403 Client Error: Forbidden for url: https://data.sec.gov/api/xbrl/companyfacts/CIK0000783325.json,2026-10-02
WELL,0000766704,403 Client Error: Forbidden for url: https://data.sec.gov/api/xbrl/companyfacts/CIK0000766704.json,2026-10-02
WFC,0000072971,403 Client Error: Forbidden for url: https://data.sec.gov/api/xbrl/companyfacts/CIK0000072971.json,2026-10-02
WM,0000823768,403 Client Error: Forbidden for url: https://data.sec.gov/api/xbrl/companyfacts/CIK0000823768.json,2026-10-02
WMB,0000107263,403 Client Error: Forbidden for url: https://data.sec.gov/api/xbrl/companyfacts/CIK0000107263.json,2026-10-02
WMT,0000104169,403 Client Error: Forbidden for url: https://data.sec.gov/api/xbrl/companyfacts/CIK0000104169.json,2026-10-02
WRB,0000011544,403 Client Error: Forbidden for url: https://data.sec.gov/api/xbrl/companyfacts/CIK0000011544.json,2026-10-02
WSM,0000719955,403 Client Error: Forbidden for url: https://data.sec.gov/api/xbrl/companyfacts/CIK0000719955.json,2026-10-02
WST,0000105770,403 Client Error: Forbidden for url: https://data.sec.gov/api/xbrl/companyfacts/CIK0000105770.json,2026-10-02
WTW,0001140536,403 Client Error: Forbidden for url: https://data.sec.gov/api/xbrl/companyfacts/CIK0001140536.json,2026-10-02
WY,0000106535,403 Client Error: Forbidden for url: https://data.sec.gov/api/xbrl/companyfacts/CIK0000106535.json,2026-10-02
WYNN,0001174922,403 Client Error: Forbidden for url: https://data.sec.gov/api/xbrl/companyfacts/CIK0001174922.json,2026-10-02
XEL,0000072903,403 Client Error: Forbidden for url: https://data.sec.gov/api/xbrl/companyfacts/CIK0000072903.json,2026-10-02
XOM,0002115436,403 Client Error: Forbidden for url: https://data.sec.gov/api/xbrl/companyfacts/CIK0002115436.json,2026-10-02
XYL,0001524472,403 Client Error: Forbidden for url: https://data.sec.gov/api/xbrl/companyfacts/CIK0001524472.json,2026-10-02
XYZ,0001512673,403 Client Error: Forbidden for url: https://data.sec.gov/api/xbrl/companyfacts/CIK0001512673.json,2026-10-02
YUM,0001041061,403 Client Error: Forbidden for url: https://data.sec.gov/api/xbrl/companyfacts/CIK0001041061.json,2026-10-02
ZBH,0001136869,403 Client Error: Forbidden for url: https://data.sec.gov/api/xbrl/companyfacts/CIK0001136869.json,2026-10-02
ZBRA,0000877212,403 Client Error: Forbidden for url: https://data.sec.gov/api/xbrl/companyfacts/CIK0000877212.json,2026-10-02
ZTS,0001555280,403 Client Error: Forbidden for url: https://data.sec.gov/api/xbrl/companyfacts/CIK0001555280.json,2026-10-02
