tic,bucket,weight,weight_pct,as_of,trade_price,original_datadate,data_vintage,filing_date,accepted_date,bucket_pred,unified_pred,mixed_score,rank_mixed,best_model,selection_method
KKR,cyclical,0.08333333333333333,8.333333333333332,2026-10-02,91.23999786376952,2026-06-30,2026-06-30,2026-08-06,2026-08-06,0.0573666773630589,0.051125856124225,0.9949238578680204,1,Ridge,top_3_per_bucket_mixed_alpha
SCHW,cyclical,0.08333333333333333,8.333333333333332,2026-10-02,98.37000274658205,2026-06-30,2026-06-30,2026-08-07,2026-08-07,0.0521366823412589,0.0490831929989517,0.9898477157360406,2,Ridge,top_3_per_bucket_mixed_alpha
TROW,cyclical,0.08333333333333333,8.333333333333332,2026-10-02,105.83000183105467,2026-06-30,2026-06-30,2026-07-31,2026-07-31,0.0435853177051663,0.0617304108839685,0.9802030456852792,3,Ridge,top_3_per_bucket_mixed_alpha
CNC,defensive,0.08333333333333333,8.333333333333332,2026-10-02,60.9900016784668,2026-06-30,2026-06-30,2026-07-28,2026-07-28,0.0139988860995785,0.0507407650605771,1.0,1,Stacking,top_3_per_bucket_mixed_alpha
BAX,defensive,0.08333333333333333,8.333333333333332,2026-10-02,23.63999938964844,2026-06-30,2026-06-30,2026-07-30,2026-07-30,0.016354876337407,0.0502253062684783,0.991869918699187,2,Stacking,top_3_per_bucket_mixed_alpha
DVA,defensive,0.08333333333333333,8.333333333333332,2026-10-02,176.35000610351562,2026-06-30,2026-06-30,2026-08-04,2026-08-04,0.0245727460242187,0.045642575782642,0.983739837398374,3,Stacking,top_3_per_bucket_mixed_alpha
DELL,growth_tech,0.08333333333333333,8.333333333333332,2026-10-02,541.739990234375,2026-07-31,2026-07-31,2026-09-08,2026-09-08,0.6774109937552272,0.0462213238063104,1.0,1,ExtraTrees,top_3_per_bucket_mixed_alpha
LRCX,growth_tech,0.08333333333333333,8.333333333333332,2026-10-02,340.1000061035156,2026-06-28,2026-06-28,2026-08-07,2026-08-07,0.2644838867194203,0.0285465394843536,0.9901960784313726,2,ExtraTrees,top_3_per_bucket_mixed_alpha
ZBRA,growth_tech,0.08333333333333333,8.333333333333332,2026-10-02,375.4500122070313,2026-07-04,2026-07-04,2026-08-04,2026-08-04,0.2242542646582102,0.045559025402935,0.9803921568627452,3,ExtraTrees,top_3_per_bucket_mixed_alpha
HST,real_assets,0.08333333333333333,8.333333333333332,2026-10-02,22.51000022888184,2026-06-30,2026-06-30,2026-08-07,2026-08-07,0.0136704640289475,0.0414332322416187,1.0,1,Stacking,top_3_per_bucket_mixed_alpha
MOS,real_assets,0.08333333333333333,8.333333333333332,2026-10-02,21.549999237060547,2026-06-30,2026-06-30,2026-08-05,2026-08-05,0.0134428733004282,0.0352944688867214,0.9859154929577464,2,Stacking,top_3_per_bucket_mixed_alpha
BXP,real_assets,0.08333333333333333,8.333333333333332,2026-10-02,60.2400016784668,2026-06-30,2026-06-30,2026-08-06,2026-08-06,0.0219566449602296,0.0307597697269028,0.971830985915493,3,Stacking,top_3_per_bucket_mixed_alpha
