bucket,model,is_best,feature,importance,rank
cyclical,ExtraTrees,False,ret_4q,0.063816,1
cyclical,ExtraTrees,False,ret_accel,0.060773,2
cyclical,ExtraTrees,False,debt_to_mktcap,0.050567,3
cyclical,ExtraTrees,False,ret_1q,0.049403,4
cyclical,ExtraTrees,False,gm_chg,0.044543,5
cyclical,ExtraTrees,False,om_chg,0.039566,6
cyclical,ExtraTrees,False,ps,0.037893,7
cyclical,ExtraTrees,False,capex_per_share,0.035326,8
cyclical,ExtraTrees,False,acc_rec_turnover,0.031514,9
cyclical,ExtraTrees,False,operating_margin,0.031277,10
cyclical,ExtraTrees,False,dividend_yield,0.031151,11
cyclical,ExtraTrees,False,ev_multiple,0.029365,12
cyclical,ExtraTrees,False,roe_chg,0.029248,13
cyclical,ExtraTrees,False,pe,0.026617,14
cyclical,ExtraTrees,False,gross_margin,0.026576,15
cyclical,ExtraTrees,False,solvency_ratio,0.026299,16
cyclical,ExtraTrees,False,fcf_to_ocf,0.025322,17
cyclical,ExtraTrees,False,cur_ratio,0.024547,18
cyclical,ExtraTrees,False,ocf_ratio,0.024096,19
cyclical,ExtraTrees,False,asset_turnover,0.023861,20
cyclical,ExtraTrees,False,EPS,0.021909,21
cyclical,ExtraTrees,False,interest_coverage,0.021571,22
cyclical,ExtraTrees,False,eps_chg,0.02114,23
cyclical,ExtraTrees,False,BPS,0.020825,24
cyclical,ExtraTrees,False,pb,0.020579,25
cyclical,ExtraTrees,False,payables_turnover,0.020503,26
cyclical,ExtraTrees,False,peg,0.020465,27
cyclical,ExtraTrees,False,fcf_per_share,0.019986,28
cyclical,ExtraTrees,False,sector_Industrials,0.01944,29
cyclical,ExtraTrees,False,debt_service_coverage,0.017895,30
cyclical,ExtraTrees,False,cash_per_share,0.016551,31
cyclical,ExtraTrees,False,debt_ratio,0.015275,32
cyclical,ExtraTrees,False,roe,0.014115,33
cyclical,ExtraTrees,False,sector_Financial Services,0.013606,34
cyclical,ExtraTrees,False,debt_to_equity,0.01256,35
cyclical,ExtraTrees,False,sector_Consumer Cyclical,0.011821,36
cyclical,LGBM,False,ret_4q,279.0,1
cyclical,LGBM,False,ret_1q,248.0,2
cyclical,LGBM,False,gm_chg,241.0,3
cyclical,LGBM,False,ret_accel,224.0,4
cyclical,LGBM,False,pe,201.0,5
cyclical,LGBM,False,ps,185.0,6
cyclical,LGBM,False,fcf_to_ocf,181.0,7
cyclical,LGBM,False,interest_coverage,161.0,8
cyclical,LGBM,False,roe_chg,159.0,9
cyclical,LGBM,False,om_chg,158.0,10
cyclical,LGBM,False,capex_per_share,157.0,11
cyclical,LGBM,False,pb,155.0,12
cyclical,LGBM,False,peg,154.0,13
cyclical,LGBM,False,dividend_yield,151.0,14
cyclical,LGBM,False,debt_to_mktcap,150.0,15
cyclical,LGBM,False,gross_margin,147.0,16
cyclical,LGBM,False,EPS,144.0,17
cyclical,LGBM,False,fcf_per_share,143.0,18
cyclical,LGBM,False,cur_ratio,136.0,19
cyclical,LGBM,False,acc_rec_turnover,132.0,20
cyclical,LGBM,False,roe,131.0,21
cyclical,LGBM,False,asset_turnover,131.0,22
cyclical,LGBM,False,operating_margin,130.0,23
cyclical,LGBM,False,BPS,129.0,24
cyclical,LGBM,False,cash_per_share,128.0,25
cyclical,LGBM,False,debt_service_coverage,125.0,26
cyclical,LGBM,False,ocf_ratio,116.0,27
cyclical,LGBM,False,payables_turnover,114.0,28
cyclical,LGBM,False,ev_multiple,110.0,29
cyclical,LGBM,False,solvency_ratio,108.0,30
cyclical,LGBM,False,eps_chg,105.0,31
cyclical,LGBM,False,debt_to_equity,71.0,32
cyclical,LGBM,False,debt_ratio,69.0,33
cyclical,LGBM,False,sector_Consumer Cyclical,17.0,34
cyclical,LGBM,False,sector_Industrials,17.0,35
cyclical,LGBM,False,sector_Financial Services,2.0,36
cyclical,RF,False,ret_4q,0.066031,1
cyclical,RF,False,ret_accel,0.06137,2
cyclical,RF,False,ret_1q,0.046893,3
cyclical,RF,False,interest_coverage,0.043692,4
cyclical,RF,False,capex_per_share,0.042848,5
cyclical,RF,False,ps,0.041269,6
cyclical,RF,False,pb,0.038002,7
cyclical,RF,False,debt_to_mktcap,0.036257,8
cyclical,RF,False,gm_chg,0.036213,9
cyclical,RF,False,asset_turnover,0.033945,10
cyclical,RF,False,fcf_to_ocf,0.032206,11
cyclical,RF,False,pe,0.032183,12
cyclical,RF,False,ev_multiple,0.030284,13
cyclical,RF,False,om_chg,0.029394,14
cyclical,RF,False,ocf_ratio,0.028342,15
cyclical,RF,False,roe_chg,0.027963,16
cyclical,RF,False,gross_margin,0.027527,17
cyclical,RF,False,acc_rec_turnover,0.025552,18
cyclical,RF,False,EPS,0.02552,19
cyclical,RF,False,fcf_per_share,0.024783,20
cyclical,RF,False,solvency_ratio,0.024585,21
cyclical,RF,False,dividend_yield,0.024183,22
cyclical,RF,False,peg,0.024162,23
cyclical,RF,False,debt_service_coverage,0.023237,24
cyclical,RF,False,operating_margin,0.022627,25
cyclical,RF,False,cur_ratio,0.02111,26
cyclical,RF,False,eps_chg,0.02062,27
cyclical,RF,False,BPS,0.020291,28
cyclical,RF,False,cash_per_share,0.020202,29
cyclical,RF,False,roe,0.019329,30
cyclical,RF,False,payables_turnover,0.017146,31
cyclical,RF,False,debt_ratio,0.014865,32
cyclical,RF,False,debt_to_equity,0.014421,33
cyclical,RF,False,sector_Industrials,0.001523,34
cyclical,RF,False,sector_Consumer Cyclical,0.001212,35
cyclical,RF,False,sector_Financial Services,0.000214,36
cyclical,Ridge,True,ret_1q,0.228949,1
cyclical,Ridge,True,ret_accel,0.175852,2
cyclical,Ridge,True,ret_4q,0.152517,3
cyclical,Ridge,True,debt_to_mktcap,0.04473,4
cyclical,Ridge,True,cur_ratio,0.032755,5
cyclical,Ridge,True,gm_chg,0.027531,6
cyclical,Ridge,True,pe,0.022193,7
cyclical,Ridge,True,capex_per_share,0.021858,8
cyclical,Ridge,True,sector_Consumer Cyclical,0.020645,9
cyclical,Ridge,True,sector_Industrials,0.020576,10
cyclical,Ridge,True,debt_ratio,0.020357,11
cyclical,Ridge,True,roe_chg,0.01682,12
cyclical,Ridge,True,eps_chg,0.016453,13
cyclical,Ridge,True,debt_to_equity,0.015974,14
cyclical,Ridge,True,ev_multiple,0.01592,15
cyclical,Ridge,True,ocf_ratio,0.014787,16
cyclical,Ridge,True,pb,0.014779,17
cyclical,Ridge,True,interest_coverage,0.014298,18
cyclical,Ridge,True,dividend_yield,0.013948,19
cyclical,Ridge,True,gross_margin,0.013558,20
cyclical,Ridge,True,cash_per_share,0.012768,21
cyclical,Ridge,True,ps,0.011819,22
cyclical,Ridge,True,fcf_to_ocf,0.009641,23
cyclical,Ridge,True,peg,0.009525,24
cyclical,Ridge,True,solvency_ratio,0.008783,25
cyclical,Ridge,True,BPS,0.0078,26
cyclical,Ridge,True,payables_turnover,0.006559,27
cyclical,Ridge,True,debt_service_coverage,0.005592,28
cyclical,Ridge,True,acc_rec_turnover,0.005544,29
cyclical,Ridge,True,roe,0.005541,30
cyclical,Ridge,True,operating_margin,0.004504,31
cyclical,Ridge,True,EPS,0.003479,32
cyclical,Ridge,True,sector_Financial Services,0.001856,33
cyclical,Ridge,True,fcf_per_share,0.001222,34
cyclical,Ridge,True,om_chg,0.000748,35
cyclical,Ridge,True,asset_turnover,0.00012,36
cyclical,XGB,False,sector_Consumer Cyclical,0.038297,1
cyclical,XGB,False,sector_Industrials,0.035031,2
cyclical,XGB,False,ret_accel,0.033774,3
cyclical,XGB,False,ret_4q,0.033759,4
cyclical,XGB,False,asset_turnover,0.033339,5
cyclical,XGB,False,solvency_ratio,0.033236,6
cyclical,XGB,False,capex_per_share,0.0329,7
cyclical,XGB,False,debt_to_equity,0.032579,8
cyclical,XGB,False,ret_1q,0.031569,9
cyclical,XGB,False,ocf_ratio,0.031568,10
cyclical,XGB,False,gm_chg,0.031232,11
cyclical,XGB,False,BPS,0.031178,12
cyclical,XGB,False,acc_rec_turnover,0.03051,13
cyclical,XGB,False,debt_to_mktcap,0.030412,14
cyclical,XGB,False,roe_chg,0.030309,15
cyclical,XGB,False,payables_turnover,0.02971,16
cyclical,XGB,False,dividend_yield,0.029088,17
cyclical,XGB,False,om_chg,0.028911,18
cyclical,XGB,False,debt_service_coverage,0.028163,19
cyclical,XGB,False,gross_margin,0.027966,20
cyclical,XGB,False,pb,0.02794,21
cyclical,XGB,False,interest_coverage,0.027795,22
cyclical,XGB,False,cur_ratio,0.02764,23
cyclical,XGB,False,cash_per_share,0.027624,24
cyclical,XGB,False,eps_chg,0.026893,25
cyclical,XGB,False,fcf_to_ocf,0.02663,26
cyclical,XGB,False,operating_margin,0.026311,27
cyclical,XGB,False,ev_multiple,0.026259,28
cyclical,XGB,False,fcf_per_share,0.023676,29
cyclical,XGB,False,EPS,0.023046,30
cyclical,XGB,False,roe,0.022728,31
cyclical,XGB,False,ps,0.022718,32
cyclical,XGB,False,debt_ratio,0.022522,33
cyclical,XGB,False,peg,0.020636,34
cyclical,XGB,False,pe,0.01405,35
cyclical,XGB,False,sector_Financial Services,0.0,36
defensive,ExtraTrees,False,ps,0.055631,1
defensive,ExtraTrees,False,roe_chg,0.04913,2
defensive,ExtraTrees,False,ret_4q,0.046019,3
defensive,ExtraTrees,False,gm_chg,0.041844,4
defensive,ExtraTrees,False,ev_multiple,0.040326,5
defensive,ExtraTrees,False,EPS,0.039528,6
defensive,ExtraTrees,False,payables_turnover,0.037886,7
defensive,ExtraTrees,False,cash_per_share,0.034143,8
defensive,ExtraTrees,False,ret_1q,0.032912,9
defensive,ExtraTrees,False,om_chg,0.03281,10
defensive,ExtraTrees,False,operating_margin,0.031666,11
defensive,ExtraTrees,False,ret_accel,0.031448,12
defensive,ExtraTrees,False,capex_per_share,0.031371,13
defensive,ExtraTrees,False,pe,0.031155,14
defensive,ExtraTrees,False,eps_chg,0.031047,15
defensive,ExtraTrees,False,gross_margin,0.031032,16
defensive,ExtraTrees,False,peg,0.030385,17
defensive,ExtraTrees,False,fcf_to_ocf,0.028483,18
defensive,ExtraTrees,False,cur_ratio,0.028303,19
defensive,ExtraTrees,False,ocf_ratio,0.026106,20
defensive,ExtraTrees,False,debt_ratio,0.025506,21
defensive,ExtraTrees,False,fcf_per_share,0.024179,22
defensive,ExtraTrees,False,asset_turnover,0.023318,23
defensive,ExtraTrees,False,BPS,0.023225,24
defensive,ExtraTrees,False,acc_rec_turnover,0.022754,25
defensive,ExtraTrees,False,solvency_ratio,0.020801,26
defensive,ExtraTrees,False,interest_coverage,0.019354,27
defensive,ExtraTrees,False,pb,0.017534,28
defensive,ExtraTrees,False,debt_to_mktcap,0.017515,29
defensive,ExtraTrees,False,sector_Consumer Defensive,0.017406,30
defensive,ExtraTrees,False,debt_to_equity,0.017118,31
defensive,ExtraTrees,False,debt_service_coverage,0.017103,32
defensive,ExtraTrees,False,roe,0.016252,33
defensive,ExtraTrees,False,dividend_yield,0.014653,34
defensive,ExtraTrees,False,sector_Healthcare,0.007785,35
defensive,ExtraTrees,False,sector_Utilities,0.004271,36
defensive,LGBM,False,ret_4q,234.0,1
defensive,LGBM,False,ret_accel,208.0,2
defensive,LGBM,False,acc_rec_turnover,203.0,3
defensive,LGBM,False,peg,199.0,4
defensive,LGBM,False,payables_turnover,163.0,5
defensive,LGBM,False,gm_chg,159.0,6
defensive,LGBM,False,ps,148.0,7
defensive,LGBM,False,ret_1q,148.0,8
defensive,LGBM,False,debt_service_coverage,148.0,9
defensive,LGBM,False,capex_per_share,147.0,10
defensive,LGBM,False,EPS,141.0,11
defensive,LGBM,False,cash_per_share,140.0,12
defensive,LGBM,False,fcf_to_ocf,136.0,13
defensive,LGBM,False,pe,134.0,14
defensive,LGBM,False,om_chg,133.0,15
defensive,LGBM,False,ev_multiple,129.0,16
defensive,LGBM,False,gross_margin,126.0,17
defensive,LGBM,False,operating_margin,123.0,18
defensive,LGBM,False,cur_ratio,119.0,19
defensive,LGBM,False,roe_chg,116.0,20
defensive,LGBM,False,BPS,112.0,21
defensive,LGBM,False,interest_coverage,109.0,22
defensive,LGBM,False,fcf_per_share,108.0,23
defensive,LGBM,False,eps_chg,104.0,24
defensive,LGBM,False,pb,96.0,25
defensive,LGBM,False,ocf_ratio,96.0,26
defensive,LGBM,False,debt_to_mktcap,94.0,27
defensive,LGBM,False,dividend_yield,93.0,28
defensive,LGBM,False,solvency_ratio,90.0,29
defensive,LGBM,False,asset_turnover,86.0,30
defensive,LGBM,False,roe,74.0,31
defensive,LGBM,False,debt_ratio,65.0,32
defensive,LGBM,False,debt_to_equity,47.0,33
defensive,LGBM,False,sector_Utilities,8.0,34
defensive,LGBM,False,sector_Consumer Defensive,6.0,35
defensive,LGBM,False,sector_Healthcare,5.0,36
defensive,RF,False,ret_4q,0.073361,1
defensive,RF,False,asset_turnover,0.062398,2
defensive,RF,False,acc_rec_turnover,0.059312,3
defensive,RF,False,ps,0.049997,4
defensive,RF,False,roe_chg,0.04755,5
defensive,RF,False,ev_multiple,0.041069,6
defensive,RF,False,operating_margin,0.035618,7
defensive,RF,False,ret_1q,0.032842,8
defensive,RF,False,BPS,0.032683,9
defensive,RF,False,payables_turnover,0.0326,10
defensive,RF,False,gross_margin,0.03151,11
defensive,RF,False,gm_chg,0.030491,12
defensive,RF,False,pe,0.028415,13
defensive,RF,False,ret_accel,0.028004,14
defensive,RF,False,cur_ratio,0.027624,15
defensive,RF,False,capex_per_share,0.027537,16
defensive,RF,False,debt_to_mktcap,0.027429,17
defensive,RF,False,cash_per_share,0.026834,18
defensive,RF,False,peg,0.025497,19
defensive,RF,False,debt_service_coverage,0.024356,20
defensive,RF,False,om_chg,0.024039,21
defensive,RF,False,fcf_to_ocf,0.023936,22
defensive,RF,False,EPS,0.02263,23
defensive,RF,False,fcf_per_share,0.021354,24
defensive,RF,False,pb,0.02095,25
defensive,RF,False,eps_chg,0.020854,26
defensive,RF,False,debt_ratio,0.020412,27
defensive,RF,False,ocf_ratio,0.019898,28
defensive,RF,False,interest_coverage,0.019397,29
defensive,RF,False,solvency_ratio,0.01655,30
defensive,RF,False,roe,0.014006,31
defensive,RF,False,debt_to_equity,0.013618,32
defensive,RF,False,dividend_yield,0.012285,33
defensive,RF,False,sector_Consumer Defensive,0.00249,34
defensive,RF,False,sector_Healthcare,0.001382,35
defensive,RF,False,sector_Utilities,0.001071,36
defensive,Ridge,False,ret_1q,0.21425,1
defensive,Ridge,False,ret_accel,0.176928,2
defensive,Ridge,False,ret_4q,0.08104,3
defensive,Ridge,False,ps,0.059982,4
defensive,Ridge,False,pb,0.03923,5
defensive,Ridge,False,debt_to_equity,0.03693,6
defensive,Ridge,False,cur_ratio,0.030512,7
defensive,Ridge,False,solvency_ratio,0.030248,8
defensive,Ridge,False,debt_service_coverage,0.028455,9
defensive,Ridge,False,sector_Consumer Defensive,0.027019,10
defensive,Ridge,False,sector_Utilities,0.025736,11
defensive,Ridge,False,BPS,0.022373,12
defensive,Ridge,False,debt_ratio,0.02004,13
defensive,Ridge,False,pe,0.016046,14
defensive,Ridge,False,gm_chg,0.015894,15
defensive,Ridge,False,om_chg,0.015162,16
defensive,Ridge,False,peg,0.014948,17
defensive,Ridge,False,dividend_yield,0.014639,18
defensive,Ridge,False,EPS,0.014352,19
defensive,Ridge,False,roe_chg,0.014059,20
defensive,Ridge,False,acc_rec_turnover,0.013415,21
defensive,Ridge,False,payables_turnover,0.012204,22
defensive,Ridge,False,fcf_to_ocf,0.00987,23
defensive,Ridge,False,interest_coverage,0.009778,24
defensive,Ridge,False,roe,0.009698,25
defensive,Ridge,False,gross_margin,0.007517,26
defensive,Ridge,False,operating_margin,0.006445,27
defensive,Ridge,False,debt_to_mktcap,0.00616,28
defensive,Ridge,False,ocf_ratio,0.005477,29
defensive,Ridge,False,asset_turnover,0.005402,30
defensive,Ridge,False,eps_chg,0.005194,31
defensive,Ridge,False,cash_per_share,0.004647,32
defensive,Ridge,False,ev_multiple,0.003155,33
defensive,Ridge,False,capex_per_share,0.001841,34
defensive,Ridge,False,sector_Healthcare,0.001353,35
defensive,Ridge,False,fcf_per_share,4e-06,36
defensive,Stacking,True,ret_4q,0.073361,1
defensive,Stacking,True,asset_turnover,0.062398,2
defensive,Stacking,True,acc_rec_turnover,0.059312,3
defensive,Stacking,True,ps,0.049997,4
defensive,Stacking,True,roe_chg,0.04755,5
defensive,Stacking,True,ev_multiple,0.041069,6
defensive,Stacking,True,operating_margin,0.035618,7
defensive,Stacking,True,ret_1q,0.032842,8
defensive,Stacking,True,BPS,0.032683,9
defensive,Stacking,True,payables_turnover,0.0326,10
defensive,Stacking,True,gross_margin,0.03151,11
defensive,Stacking,True,gm_chg,0.030491,12
defensive,Stacking,True,pe,0.028415,13
defensive,Stacking,True,ret_accel,0.028004,14
defensive,Stacking,True,cur_ratio,0.027624,15
defensive,Stacking,True,capex_per_share,0.027537,16
defensive,Stacking,True,debt_to_mktcap,0.027429,17
defensive,Stacking,True,cash_per_share,0.026834,18
defensive,Stacking,True,peg,0.025497,19
defensive,Stacking,True,debt_service_coverage,0.024356,20
defensive,Stacking,True,om_chg,0.024039,21
defensive,Stacking,True,fcf_to_ocf,0.023936,22
defensive,Stacking,True,EPS,0.02263,23
defensive,Stacking,True,fcf_per_share,0.021354,24
defensive,Stacking,True,pb,0.02095,25
defensive,Stacking,True,eps_chg,0.020854,26
defensive,Stacking,True,debt_ratio,0.020412,27
defensive,Stacking,True,ocf_ratio,0.019898,28
defensive,Stacking,True,interest_coverage,0.019397,29
defensive,Stacking,True,solvency_ratio,0.01655,30
defensive,Stacking,True,roe,0.014006,31
defensive,Stacking,True,debt_to_equity,0.013618,32
defensive,Stacking,True,dividend_yield,0.012285,33
defensive,Stacking,True,sector_Consumer Defensive,0.00249,34
defensive,Stacking,True,sector_Healthcare,0.001382,35
defensive,Stacking,True,sector_Utilities,0.001071,36
defensive,XGB,False,sector_Healthcare,0.067005,1
defensive,XGB,False,sector_Utilities,0.051825,2
defensive,XGB,False,roe_chg,0.035264,3
defensive,XGB,False,debt_service_coverage,0.034535,4
defensive,XGB,False,asset_turnover,0.03299,5
defensive,XGB,False,dividend_yield,0.03296,6
defensive,XGB,False,acc_rec_turnover,0.030587,7
defensive,XGB,False,gm_chg,0.029574,8
defensive,XGB,False,debt_to_mktcap,0.028917,9
defensive,XGB,False,BPS,0.028816,10
defensive,XGB,False,ret_4q,0.028813,11
defensive,XGB,False,ret_accel,0.02833,12
defensive,XGB,False,debt_ratio,0.027833,13
defensive,XGB,False,sector_Consumer Defensive,0.027688,14
defensive,XGB,False,fcf_to_ocf,0.027647,15
defensive,XGB,False,ev_multiple,0.027345,16
defensive,XGB,False,eps_chg,0.027276,17
defensive,XGB,False,capex_per_share,0.027028,18
defensive,XGB,False,ret_1q,0.026353,19
defensive,XGB,False,solvency_ratio,0.026273,20
defensive,XGB,False,interest_coverage,0.025961,21
defensive,XGB,False,debt_to_equity,0.025846,22
defensive,XGB,False,om_chg,0.025593,23
defensive,XGB,False,payables_turnover,0.025182,24
defensive,XGB,False,cur_ratio,0.024528,25
defensive,XGB,False,gross_margin,0.024387,26
defensive,XGB,False,fcf_per_share,0.023737,27
defensive,XGB,False,EPS,0.023665,28
defensive,XGB,False,cash_per_share,0.022932,29
defensive,XGB,False,ocf_ratio,0.022343,30
defensive,XGB,False,roe,0.021764,31
defensive,XGB,False,operating_margin,0.02169,32
defensive,XGB,False,ps,0.019989,33
defensive,XGB,False,peg,0.019537,34
defensive,XGB,False,pb,0.015411,35
defensive,XGB,False,pe,0.010376,36
growth_tech,ExtraTrees,False,ret_1q,0.108809,1
growth_tech,ExtraTrees,False,ret_accel,0.074782,2
growth_tech,ExtraTrees,False,capex_per_share,0.057742,3
growth_tech,ExtraTrees,False,ret_4q,0.03748,4
growth_tech,ExtraTrees,False,gm_chg,0.037191,5
growth_tech,ExtraTrees,False,roe,0.036304,6
growth_tech,ExtraTrees,False,roe_chg,0.03417,7
growth_tech,ExtraTrees,False,om_chg,0.033249,8
growth_tech,ExtraTrees,False,eps_chg,0.031624,9
growth_tech,ExtraTrees,False,fcf_per_share,0.031074,10
growth_tech,ExtraTrees,False,BPS,0.030898,11
growth_tech,ExtraTrees,False,cur_ratio,0.029672,12
growth_tech,ExtraTrees,False,operating_margin,0.028925,13
growth_tech,ExtraTrees,False,EPS,0.028748,14
growth_tech,ExtraTrees,False,fcf_to_ocf,0.027956,15
growth_tech,ExtraTrees,False,debt_to_mktcap,0.026183,16
growth_tech,ExtraTrees,False,ocf_ratio,0.025441,17
growth_tech,ExtraTrees,False,peg,0.025056,18
growth_tech,ExtraTrees,False,pb,0.023954,19
growth_tech,ExtraTrees,False,asset_turnover,0.023551,20
growth_tech,ExtraTrees,False,solvency_ratio,0.022407,21
growth_tech,ExtraTrees,False,ev_multiple,0.021885,22
growth_tech,ExtraTrees,False,ps,0.021219,23
growth_tech,ExtraTrees,False,debt_to_equity,0.020984,24
growth_tech,ExtraTrees,False,interest_coverage,0.02062,25
growth_tech,ExtraTrees,False,cash_per_share,0.020518,26
growth_tech,ExtraTrees,False,dividend_yield,0.018155,27
growth_tech,ExtraTrees,False,pe,0.01669,28
growth_tech,ExtraTrees,False,payables_turnover,0.015694,29
growth_tech,ExtraTrees,False,acc_rec_turnover,0.015671,30
growth_tech,ExtraTrees,False,debt_service_coverage,0.01466,31
growth_tech,ExtraTrees,False,gross_margin,0.014449,32
growth_tech,ExtraTrees,False,debt_ratio,0.013493,33
growth_tech,ExtraTrees,False,sector_Communication Services,0.006545,34
growth_tech,ExtraTrees,False,sector_Technology,0.0042,35
growth_tech,LGBM,False,ret_1q,211.0,1
growth_tech,LGBM,False,ret_4q,181.0,2
growth_tech,LGBM,False,ret_accel,169.0,3
growth_tech,LGBM,False,ocf_ratio,166.0,4
growth_tech,LGBM,False,gm_chg,157.0,5
growth_tech,LGBM,False,pe,151.0,6
growth_tech,LGBM,False,interest_coverage,138.0,7
growth_tech,LGBM,False,payables_turnover,137.0,8
growth_tech,LGBM,False,peg,135.0,9
growth_tech,LGBM,False,acc_rec_turnover,135.0,10
growth_tech,LGBM,False,cur_ratio,133.0,11
growth_tech,LGBM,False,debt_service_coverage,131.0,12
growth_tech,LGBM,False,om_chg,127.0,13
growth_tech,LGBM,False,asset_turnover,122.0,14
growth_tech,LGBM,False,gross_margin,121.0,15
growth_tech,LGBM,False,EPS,119.0,16
growth_tech,LGBM,False,roe,119.0,17
growth_tech,LGBM,False,solvency_ratio,115.0,18
growth_tech,LGBM,False,ps,113.0,19
growth_tech,LGBM,False,BPS,113.0,20
growth_tech,LGBM,False,fcf_per_share,113.0,21
growth_tech,LGBM,False,cash_per_share,112.0,22
growth_tech,LGBM,False,roe_chg,109.0,23
growth_tech,LGBM,False,capex_per_share,107.0,24
growth_tech,LGBM,False,ev_multiple,107.0,25
growth_tech,LGBM,False,operating_margin,105.0,26
growth_tech,LGBM,False,fcf_to_ocf,102.0,27
growth_tech,LGBM,False,eps_chg,96.0,28
growth_tech,LGBM,False,dividend_yield,78.0,29
growth_tech,LGBM,False,debt_ratio,73.0,30
growth_tech,LGBM,False,debt_to_mktcap,71.0,31
growth_tech,LGBM,False,pb,67.0,32
growth_tech,LGBM,False,debt_to_equity,49.0,33
growth_tech,LGBM,False,sector_Technology,7.0,34
growth_tech,LGBM,False,sector_Communication Services,0.0,35
growth_tech,RF,False,ret_1q,0.101856,1
growth_tech,RF,False,roe_chg,0.070001,2
growth_tech,RF,False,BPS,0.047208,3
growth_tech,RF,False,ret_accel,0.045096,4
growth_tech,RF,False,capex_per_share,0.041713,5
growth_tech,RF,False,gm_chg,0.040539,6
growth_tech,RF,False,interest_coverage,0.040368,7
growth_tech,RF,False,ret_4q,0.039501,8
growth_tech,RF,False,ocf_ratio,0.036355,9
growth_tech,RF,False,EPS,0.034572,10
growth_tech,RF,False,fcf_to_ocf,0.033169,11
growth_tech,RF,False,fcf_per_share,0.028139,12
growth_tech,RF,False,om_chg,0.027804,13
growth_tech,RF,False,cur_ratio,0.026128,14
growth_tech,RF,False,payables_turnover,0.025614,15
growth_tech,RF,False,ps,0.025461,16
growth_tech,RF,False,debt_to_mktcap,0.025242,17
growth_tech,RF,False,cash_per_share,0.023986,18
growth_tech,RF,False,operating_margin,0.023591,19
growth_tech,RF,False,peg,0.022937,20
growth_tech,RF,False,pe,0.022893,21
growth_tech,RF,False,acc_rec_turnover,0.021148,22
growth_tech,RF,False,ev_multiple,0.021039,23
growth_tech,RF,False,roe,0.021037,24
growth_tech,RF,False,pb,0.020974,25
growth_tech,RF,False,asset_turnover,0.020302,26
growth_tech,RF,False,debt_service_coverage,0.019568,27
growth_tech,RF,False,eps_chg,0.019286,28
growth_tech,RF,False,solvency_ratio,0.019135,29
growth_tech,RF,False,gross_margin,0.014972,30
growth_tech,RF,False,dividend_yield,0.014189,31
growth_tech,RF,False,debt_to_equity,0.013342,32
growth_tech,RF,False,debt_ratio,0.011817,33
growth_tech,RF,False,sector_Communication Services,0.000781,34
growth_tech,RF,False,sector_Technology,0.000237,35
growth_tech,Ridge,True,ret_1q,0.232541,1
growth_tech,Ridge,True,ret_accel,0.158752,2
growth_tech,Ridge,True,ret_4q,0.115731,3
growth_tech,Ridge,True,solvency_ratio,0.039074,4
growth_tech,Ridge,True,pb,0.038349,5
growth_tech,Ridge,True,EPS,0.034682,6
growth_tech,Ridge,True,debt_to_equity,0.02889,7
growth_tech,Ridge,True,capex_per_share,0.028849,8
growth_tech,Ridge,True,roe_chg,0.024414,9
growth_tech,Ridge,True,debt_ratio,0.02309,10
growth_tech,Ridge,True,gm_chg,0.022579,11
growth_tech,Ridge,True,BPS,0.02057,12
growth_tech,Ridge,True,acc_rec_turnover,0.018887,13
growth_tech,Ridge,True,ocf_ratio,0.017449,14
growth_tech,Ridge,True,interest_coverage,0.015485,15
growth_tech,Ridge,True,debt_service_coverage,0.014805,16
growth_tech,Ridge,True,ps,0.014663,17
growth_tech,Ridge,True,eps_chg,0.013759,18
growth_tech,Ridge,True,cash_per_share,0.013305,19
growth_tech,Ridge,True,peg,0.012897,20
growth_tech,Ridge,True,sector_Technology,0.012837,21
growth_tech,Ridge,True,sector_Communication Services,0.012837,22
growth_tech,Ridge,True,ev_multiple,0.012813,23
growth_tech,Ridge,True,cur_ratio,0.011026,24
growth_tech,Ridge,True,debt_to_mktcap,0.01036,25
growth_tech,Ridge,True,asset_turnover,0.008968,26
growth_tech,Ridge,True,dividend_yield,0.007358,27
growth_tech,Ridge,True,om_chg,0.006934,28
growth_tech,Ridge,True,roe,0.005537,29
growth_tech,Ridge,True,fcf_to_ocf,0.005361,30
growth_tech,Ridge,True,fcf_per_share,0.004489,31
growth_tech,Ridge,True,pe,0.004064,32
growth_tech,Ridge,True,payables_turnover,0.003636,33
growth_tech,Ridge,True,gross_margin,0.002552,34
growth_tech,Ridge,True,operating_margin,0.002457,35
growth_tech,XGB,False,roe_chg,0.059721,1
growth_tech,XGB,False,ret_1q,0.054052,2
growth_tech,XGB,False,BPS,0.043518,3
growth_tech,XGB,False,sector_Communication Services,0.037572,4
growth_tech,XGB,False,ret_accel,0.034293,5
growth_tech,XGB,False,interest_coverage,0.034175,6
growth_tech,XGB,False,gm_chg,0.033186,7
growth_tech,XGB,False,payables_turnover,0.03306,8
growth_tech,XGB,False,debt_to_mktcap,0.032768,9
growth_tech,XGB,False,dividend_yield,0.032338,10
growth_tech,XGB,False,fcf_per_share,0.032071,11
growth_tech,XGB,False,solvency_ratio,0.031752,12
growth_tech,XGB,False,fcf_to_ocf,0.030792,13
growth_tech,XGB,False,debt_to_equity,0.030609,14
growth_tech,XGB,False,ret_4q,0.029333,15
growth_tech,XGB,False,asset_turnover,0.028015,16
growth_tech,XGB,False,debt_service_coverage,0.027978,17
growth_tech,XGB,False,eps_chg,0.027525,18
growth_tech,XGB,False,gross_margin,0.026849,19
growth_tech,XGB,False,ocf_ratio,0.02677,20
growth_tech,XGB,False,acc_rec_turnover,0.026696,21
growth_tech,XGB,False,om_chg,0.026342,22
growth_tech,XGB,False,capex_per_share,0.025827,23
growth_tech,XGB,False,operating_margin,0.025714,24
growth_tech,XGB,False,cur_ratio,0.025516,25
growth_tech,XGB,False,roe,0.024632,26
growth_tech,XGB,False,cash_per_share,0.024317,27
growth_tech,XGB,False,ev_multiple,0.023714,28
growth_tech,XGB,False,EPS,0.023555,29
growth_tech,XGB,False,debt_ratio,0.021871,30
growth_tech,XGB,False,peg,0.02158,31
growth_tech,XGB,False,ps,0.016914,32
growth_tech,XGB,False,pb,0.015477,33
growth_tech,XGB,False,pe,0.011469,34
growth_tech,XGB,False,sector_Technology,0.0,35
real_assets,ExtraTrees,False,debt_to_mktcap,0.080013,1
real_assets,ExtraTrees,False,ret_accel,0.070029,2
real_assets,ExtraTrees,False,roe_chg,0.065434,3
real_assets,ExtraTrees,False,ret_1q,0.060714,4
real_assets,ExtraTrees,False,om_chg,0.046073,5
real_assets,ExtraTrees,False,eps_chg,0.045234,6
real_assets,ExtraTrees,False,roe,0.044931,7
real_assets,ExtraTrees,False,gm_chg,0.041754,8
real_assets,ExtraTrees,False,ret_4q,0.037064,9
real_assets,ExtraTrees,False,fcf_to_ocf,0.035892,10
real_assets,ExtraTrees,False,capex_per_share,0.030303,11
real_assets,ExtraTrees,False,dividend_yield,0.027703,12
real_assets,ExtraTrees,False,ev_multiple,0.027572,13
real_assets,ExtraTrees,False,BPS,0.025697,14
real_assets,ExtraTrees,False,ps,0.025411,15
real_assets,ExtraTrees,False,debt_service_coverage,0.022018,16
real_assets,ExtraTrees,False,fcf_per_share,0.021409,17
real_assets,ExtraTrees,False,asset_turnover,0.020713,18
real_assets,ExtraTrees,False,operating_margin,0.020456,19
real_assets,ExtraTrees,False,gross_margin,0.018641,20
real_assets,ExtraTrees,False,ocf_ratio,0.018282,21
real_assets,ExtraTrees,False,payables_turnover,0.018253,22
real_assets,ExtraTrees,False,EPS,0.018083,23
real_assets,ExtraTrees,False,peg,0.017984,24
real_assets,ExtraTrees,False,cash_per_share,0.017592,25
real_assets,ExtraTrees,False,pe,0.017592,26
real_assets,ExtraTrees,False,cur_ratio,0.014748,27
real_assets,ExtraTrees,False,sector_Basic Materials,0.014404,28
real_assets,ExtraTrees,False,pb,0.014265,29
real_assets,ExtraTrees,False,sector_Energy,0.013604,30
real_assets,ExtraTrees,False,debt_to_equity,0.013541,31
real_assets,ExtraTrees,False,solvency_ratio,0.013055,32
real_assets,ExtraTrees,False,debt_ratio,0.012631,33
real_assets,ExtraTrees,False,interest_coverage,0.012594,34
real_assets,ExtraTrees,False,acc_rec_turnover,0.012027,35
real_assets,ExtraTrees,False,sector_Real Estate,0.004281,36
real_assets,LGBM,False,ret_4q,207.0,1
real_assets,LGBM,False,gm_chg,179.0,2
real_assets,LGBM,False,ret_accel,171.0,3
real_assets,LGBM,False,acc_rec_turnover,169.0,4
real_assets,LGBM,False,ret_1q,143.0,5
real_assets,LGBM,False,pb,138.0,6
real_assets,LGBM,False,capex_per_share,134.0,7
real_assets,LGBM,False,eps_chg,133.0,8
real_assets,LGBM,False,cash_per_share,132.0,9
real_assets,LGBM,False,roe_chg,131.0,10
real_assets,LGBM,False,debt_to_mktcap,131.0,11
real_assets,LGBM,False,om_chg,127.0,12
real_assets,LGBM,False,debt_service_coverage,127.0,13
real_assets,LGBM,False,ev_multiple,126.0,14
real_assets,LGBM,False,ocf_ratio,123.0,15
real_assets,LGBM,False,fcf_to_ocf,123.0,16
real_assets,LGBM,False,fcf_per_share,119.0,17
real_assets,LGBM,False,peg,116.0,18
real_assets,LGBM,False,dividend_yield,113.0,19
real_assets,LGBM,False,gross_margin,111.0,20
real_assets,LGBM,False,payables_turnover,104.0,21
real_assets,LGBM,False,cur_ratio,101.0,22
real_assets,LGBM,False,interest_coverage,99.0,23
real_assets,LGBM,False,pe,99.0,24
real_assets,LGBM,False,roe,96.0,25
real_assets,LGBM,False,EPS,93.0,26
real_assets,LGBM,False,ps,87.0,27
real_assets,LGBM,False,debt_to_equity,84.0,28
real_assets,LGBM,False,asset_turnover,80.0,29
real_assets,LGBM,False,BPS,80.0,30
real_assets,LGBM,False,solvency_ratio,75.0,31
real_assets,LGBM,False,operating_margin,70.0,32
real_assets,LGBM,False,debt_ratio,40.0,33
real_assets,LGBM,False,sector_Basic Materials,11.0,34
real_assets,LGBM,False,sector_Energy,8.0,35
real_assets,LGBM,False,sector_Real Estate,0.0,36
real_assets,RF,False,debt_to_mktcap,0.076911,1
real_assets,RF,False,ret_accel,0.064082,2
real_assets,RF,False,ret_1q,0.057859,3
real_assets,RF,False,ret_4q,0.050696,4
real_assets,RF,False,roe_chg,0.049492,5
real_assets,RF,False,eps_chg,0.045834,6
real_assets,RF,False,roe,0.043985,7
real_assets,RF,False,ev_multiple,0.038994,8
real_assets,RF,False,ps,0.035916,9
real_assets,RF,False,fcf_to_ocf,0.033478,10
real_assets,RF,False,om_chg,0.032326,11
real_assets,RF,False,gm_chg,0.02917,12
real_assets,RF,False,capex_per_share,0.02904,13
real_assets,RF,False,pb,0.02568,14
real_assets,RF,False,cash_per_share,0.025536,15
real_assets,RF,False,asset_turnover,0.025457,16
real_assets,RF,False,peg,0.024994,17
real_assets,RF,False,debt_service_coverage,0.023735,18
real_assets,RF,False,EPS,0.022505,19
real_assets,RF,False,dividend_yield,0.022131,20
real_assets,RF,False,ocf_ratio,0.021503,21
real_assets,RF,False,gross_margin,0.021257,22
real_assets,RF,False,cur_ratio,0.020342,23
real_assets,RF,False,pe,0.020188,24
real_assets,RF,False,BPS,0.019666,25
real_assets,RF,False,fcf_per_share,0.019123,26
real_assets,RF,False,acc_rec_turnover,0.018763,27
real_assets,RF,False,solvency_ratio,0.018122,28
real_assets,RF,False,interest_coverage,0.016617,29
real_assets,RF,False,debt_ratio,0.016204,30
real_assets,RF,False,operating_margin,0.015858,31
real_assets,RF,False,payables_turnover,0.014964,32
real_assets,RF,False,debt_to_equity,0.014174,33
real_assets,RF,False,sector_Energy,0.002509,34
real_assets,RF,False,sector_Basic Materials,0.002093,35
real_assets,RF,False,sector_Real Estate,0.000798,36
real_assets,Ridge,False,ret_1q,0.228052,1
real_assets,Ridge,False,ret_accel,0.217746,2
real_assets,Ridge,False,ret_4q,0.110137,3
real_assets,Ridge,False,debt_to_mktcap,0.071514,4
real_assets,Ridge,False,roe_chg,0.047159,5
real_assets,Ridge,False,capex_per_share,0.028322,6
real_assets,Ridge,False,gross_margin,0.02552,7
real_assets,Ridge,False,BPS,0.023013,8
real_assets,Ridge,False,pb,0.020401,9
real_assets,Ridge,False,eps_chg,0.017578,10
real_assets,Ridge,False,EPS,0.015128,11
real_assets,Ridge,False,ocf_ratio,0.014463,12
real_assets,Ridge,False,cash_per_share,0.013864,13
real_assets,Ridge,False,sector_Basic Materials,0.012943,14
real_assets,Ridge,False,debt_to_equity,0.012923,15
real_assets,Ridge,False,om_chg,0.012279,16
real_assets,Ridge,False,solvency_ratio,0.011701,17
real_assets,Ridge,False,ev_multiple,0.01143,18
real_assets,Ridge,False,dividend_yield,0.010983,19
real_assets,Ridge,False,debt_ratio,0.010966,20
real_assets,Ridge,False,pe,0.010221,21
real_assets,Ridge,False,asset_turnover,0.009949,22
real_assets,Ridge,False,fcf_per_share,0.009929,23
real_assets,Ridge,False,sector_Energy,0.007134,24
real_assets,Ridge,False,gm_chg,0.006986,25
real_assets,Ridge,False,acc_rec_turnover,0.006715,26
real_assets,Ridge,False,fcf_to_ocf,0.006697,27
real_assets,Ridge,False,sector_Real Estate,0.005206,28
real_assets,Ridge,False,interest_coverage,0.004954,29
real_assets,Ridge,False,ps,0.003933,30
real_assets,Ridge,False,debt_service_coverage,0.003681,31
real_assets,Ridge,False,peg,0.003295,32
real_assets,Ridge,False,payables_turnover,0.003004,33
real_assets,Ridge,False,operating_margin,0.001024,34
real_assets,Ridge,False,cur_ratio,0.000819,35
real_assets,Ridge,False,roe,0.000334,36
real_assets,Stacking,True,debt_to_mktcap,0.076911,1
real_assets,Stacking,True,ret_accel,0.064082,2
real_assets,Stacking,True,ret_1q,0.057859,3
real_assets,Stacking,True,ret_4q,0.050696,4
real_assets,Stacking,True,roe_chg,0.049492,5
real_assets,Stacking,True,eps_chg,0.045834,6
real_assets,Stacking,True,roe,0.043985,7
real_assets,Stacking,True,ev_multiple,0.038994,8
real_assets,Stacking,True,ps,0.035916,9
real_assets,Stacking,True,fcf_to_ocf,0.033478,10
real_assets,Stacking,True,om_chg,0.032326,11
real_assets,Stacking,True,gm_chg,0.02917,12
real_assets,Stacking,True,capex_per_share,0.02904,13
real_assets,Stacking,True,pb,0.02568,14
real_assets,Stacking,True,cash_per_share,0.025536,15
real_assets,Stacking,True,asset_turnover,0.025457,16
real_assets,Stacking,True,peg,0.024994,17
real_assets,Stacking,True,debt_service_coverage,0.023735,18
real_assets,Stacking,True,EPS,0.022505,19
real_assets,Stacking,True,dividend_yield,0.022131,20
real_assets,Stacking,True,ocf_ratio,0.021503,21
real_assets,Stacking,True,gross_margin,0.021257,22
real_assets,Stacking,True,cur_ratio,0.020342,23
real_assets,Stacking,True,pe,0.020188,24
real_assets,Stacking,True,BPS,0.019666,25
real_assets,Stacking,True,fcf_per_share,0.019123,26
real_assets,Stacking,True,acc_rec_turnover,0.018763,27
real_assets,Stacking,True,solvency_ratio,0.018122,28
real_assets,Stacking,True,interest_coverage,0.016617,29
real_assets,Stacking,True,debt_ratio,0.016204,30
real_assets,Stacking,True,operating_margin,0.015858,31
real_assets,Stacking,True,payables_turnover,0.014964,32
real_assets,Stacking,True,debt_to_equity,0.014174,33
real_assets,Stacking,True,sector_Energy,0.002509,34
real_assets,Stacking,True,sector_Basic Materials,0.002093,35
real_assets,Stacking,True,sector_Real Estate,0.000798,36
real_assets,XGB,False,ret_4q,0.044578,1
real_assets,XGB,False,eps_chg,0.043752,2
real_assets,XGB,False,debt_to_mktcap,0.043439,3
real_assets,XGB,False,ret_accel,0.039999,4
real_assets,XGB,False,sector_Energy,0.03793,5
real_assets,XGB,False,om_chg,0.036685,6
real_assets,XGB,False,asset_turnover,0.035155,7
real_assets,XGB,False,debt_to_equity,0.034938,8
real_assets,XGB,False,dividend_yield,0.031322,9
real_assets,XGB,False,capex_per_share,0.030204,10
real_assets,XGB,False,roe_chg,0.030064,11
real_assets,XGB,False,gm_chg,0.03001,12
real_assets,XGB,False,debt_service_coverage,0.029244,13
real_assets,XGB,False,roe,0.028343,14
real_assets,XGB,False,BPS,0.027605,15
real_assets,XGB,False,gross_margin,0.027485,16
real_assets,XGB,False,acc_rec_turnover,0.027259,17
real_assets,XGB,False,solvency_ratio,0.027115,18
real_assets,XGB,False,fcf_to_ocf,0.026937,19
real_assets,XGB,False,sector_Basic Materials,0.026829,20
real_assets,XGB,False,ev_multiple,0.026273,21
real_assets,XGB,False,ocf_ratio,0.026014,22
real_assets,XGB,False,ret_1q,0.02601,23
real_assets,XGB,False,payables_turnover,0.025092,24
real_assets,XGB,False,fcf_per_share,0.024575,25
real_assets,XGB,False,EPS,0.024556,26
real_assets,XGB,False,debt_ratio,0.024192,27
real_assets,XGB,False,cur_ratio,0.023711,28
real_assets,XGB,False,pb,0.022517,29
real_assets,XGB,False,operating_margin,0.022382,30
real_assets,XGB,False,interest_coverage,0.021819,31
real_assets,XGB,False,cash_per_share,0.021485,32
real_assets,XGB,False,peg,0.019263,33
real_assets,XGB,False,ps,0.014971,34
real_assets,XGB,False,sector_Real Estate,0.010723,35
real_assets,XGB,False,pe,0.007523,36
