bucket,model,val_mse,train_size,val_size,infer_size
growth_tech,RF,0.071096,2483,211,102
growth_tech,XGB,0.072441,2483,211,102
growth_tech,LGBM,0.074309,2483,211,102
growth_tech,HistGBM,0.074272,2483,211,102
growth_tech,ExtraTrees,0.070179,2483,211,102
growth_tech,Ridge,0.069893,2483,211,102
growth_tech,Stacking,0.070429,2483,211,102
cyclical,RF,0.020013,5864,408,197
cyclical,XGB,0.021606,5864,408,197
cyclical,LGBM,0.02038,5864,408,197
cyclical,HistGBM,0.020385,5864,408,197
cyclical,ExtraTrees,0.019849,5864,408,197
cyclical,Ridge,0.019595,5864,408,197
cyclical,Stacking,0.019912,5864,408,197
real_assets,RF,0.026106,2124,208,71
real_assets,XGB,0.027358,2124,208,71
real_assets,LGBM,0.027109,2124,208,71
real_assets,HistGBM,0.02704,2124,208,71
real_assets,ExtraTrees,0.026108,2124,208,71
real_assets,Ridge,0.026806,2124,208,71
real_assets,Stacking,0.025415,2124,208,71
defensive,RF,0.020426,3939,259,123
defensive,XGB,0.023348,3939,259,123
defensive,LGBM,0.021606,3939,259,123
defensive,HistGBM,0.021219,3939,259,123
defensive,ExtraTrees,0.021005,3939,259,123
defensive,Ridge,0.020342,3939,259,123
defensive,Stacking,0.020244,3939,259,123
